ad_account_id,game_id,channel_id,source_id,budget_mode,create_time,optimization_goal,time_series,bid_strategy,bid_amount,daily_budget,expand_enabled,expand_targeting,device_price,app_install_status,gender,game_consumption_level,age,network_type,deep_conversion_type,deep_conversion_behavior_spec,deep_conversion_worth_spec,intention_targeting_tags,interest_category_id_list,interest_keyword_list,behavior_category_id_list,behavior_intensity,behavior_keyword_list,behavior_scene,behavior_time_window,conversion_behavior_list,excluded_dimension,location_types,regions,image_id,deep_link_url,adcreative_template_id,page_spec,page_type,site_set,label,promoted_object_id,promoted_object_type,automatic_site_enabled,link_name_type,link_page_type,profile_id,link_page_spec,adcreative_elements,label_ids,tdate,amount,new_role_money,roi,pay_rate
6602,1001854,20773,1186432,1,2021-11-26 17:43:14,OPTIMIZATIONGOAL_APP_PURCHASE,111111111111111111111111111111111111111111111111111111111111111111111111111111111111111111111111111111111111111111111111111111111111111111111111111111111111111111111111111111111111111111111111111111111111111111111111111111111111111111111111111111111111111111111111111111111111111111111111111111111111111111111111111111111111111111111111,BID_STRATEGY_TARGET_COST,50618,400000,True,"['age', 'gender']",,,,,,,,,,,,,,,,,,,,,,40642,,720,{'page_id': 7072212},PAGE_TYPE_TSA_APP,[],,2000002794,PROMOTED_OBJECT_TYPE_APP_ANDROID,True,,,,,"{'image': 123529, 'description': '经典七雄争霸回归，真正的排兵布阵，公测送限定武将！', 'video': 123529, 'button_text': '下载游戏', 'title': '七雄争霸，你多久能一统天下？', 'brand': {'brand_name': '七雄争霸', 'brand_img': 123609}}","224,227,233",2021-12-09,3057.29,86.0,0.028129,0.3125
6602,1001854,20773,1186418,1,2021-11-26 17:43:14,OPTIMIZATIONGOAL_APP_PURCHASE,111111111111111111111111111111111111111111111111111111111111111111111111111111111111111111111111111111111111111111111111111111111111111111111111111111111111111111111111111111111111111111111111111111111111111111111111111111111111111111111111111111111111111111111111111111111111111111111111111111111111111111111111111111111111111111111111,BID_STRATEGY_TARGET_COST,38660,150000,True,"['age', 'gender']",,,,,,,,,,,,,,,,,,,,,,41064,,720,{'page_id': 7072212},PAGE_TYPE_TSA_APP,[],,2000002794,PROMOTED_OBJECT_TYPE_APP_ANDROID,True,,,,,"{'image': 125563, 'description': '经典七雄争霸回归，真正的排兵布阵，公测送限定武将！', 'video': 125563, 'button_text': '下载游戏', 'title': '七雄争霸，你多久能一统天下？', 'brand': {'brand_name': '七雄争霸', 'brand_img': 123609}}","227,231,232",2021-12-09,459.23,49.0,0.1067,0.6667
6602,1001854,20773,1186446,1,2021-11-26 17:43:32,OPTIMIZATIONGOAL_APP_PURCHASE,111111111111111111111111111111111111111111111111111111111111111111111111111111111111111111111111111111111111111111111111111111111111111111111111111111111111111111111111111111111111111111111111111111111111111111111111111111111111111111111111111111111111111111111111111111111111111111111111111111111111111111111111111111111111111111111111,BID_STRATEGY_TARGET_COST,50582,150000,True,"['age', 'gender']",,,,,,,,,,,,,,,,,,,,,,41060,,721,{'page_id': 7072212},PAGE_TYPE_TSA_APP,[],,2000002794,PROMOTED_OBJECT_TYPE_APP_ANDROID,True,,,,,"{'image': 125551, 'description': '苦等11年！七雄终于出手游！还原页游经典玩法，注册领取红将！', 'video': 125551, 'button_text': '下载游戏', 'title': '《七雄争霸》1：1还原页游经典', 'brand': {'brand_name': '七雄争霸', 'brand_img': 123609}}","224,226",2021-12-06,1327.43,66.0,0.04972,0.1176
6602,1001854,20773,1186462,1,2021-11-26 17:43:32,OPTIMIZATIONGOAL_APP_PURCHASE,111111111111111111111111111111111111111111111111111111111111111111111111111111111111111111111111111111111111111111111111111111111111111111111111111111111111111111111111111111111111111111111111111111111111111111111111111111111111111111111111111111111111111111111111111111111111111111111111111111111111111111111111111111111111111111111111,BID_STRATEGY_TARGET_COST,48368,500000,True,"['age', 'gender']",,,,,,,,,,,,,,,,,,,,,,40994,,720,{'page_id': 7072212},PAGE_TYPE_TSA_APP,[],,2000002794,PROMOTED_OBJECT_TYPE_APP_ANDROID,True,,,,,"{'image': 125276, 'description': '经典七雄争霸回归，真正的排兵布阵，公测送限定武将！', 'video': 125276, 'button_text': '下载游戏', 'title': '七雄争霸，你多久能一统天下？', 'brand': {'brand_name': '七雄争霸', 'brand_img': 123609}}","225,226,229",2021-12-04,613.3,263.0,0.428828,1.0
6602,1001854,20773,1215859,0,2021-12-10 17:05:09,OPTIMIZATIONGOAL_APP_ACTIVATE,111111111111111111111111111111111111111111111111111111111111111111111111111111111111111111111111111111111111111111111111111111111111111111111111111111111111111111111111111111111111111111111111111111111111111111111111111111111111111111111111111111111111111111111111111111111111111111111111111111111111111111111111111111111111111111111111,BID_STRATEGY_TARGET_COST,44518,0,True,"['age', 'gender']",,,,,,,DEEP_CONVERSION_WORTH,,"{'goal': 'GOAL_1DAY_PURCHASE_ROAS', 'expected_roi': 0.036}",,,,,,,,,,,,,41519,,721,{'page_id': 7072212},PAGE_TYPE_TSA_APP,"['SITE_SET_QQ_MUSIC_GAME', 'SITE_SET_KANDIAN', 'SITE_SET_TENCENT_NEWS', 'SITE_SET_TENCENT_VIDEO']",,2000002794,PROMOTED_OBJECT_TYPE_APP_ANDROID,False,,,,,"{'image': 127730, 'description': '《七雄争霸》终于出手游了，1：1还原页游经典，老玩家已玩嗨！', 'video': 127730, 'button_text': '下载游戏', 'title': '1：1还原页游经典', 'brand': {'brand_name': '七雄争霸', 'brand_img': 123609}}",229,2021-12-12,924.28,36.0,0.038949,0.25
6604,1001854,20773,1188027,0,2021-11-29 12:00:20,OPTIMIZATIONGOAL_APP_ACTIVATE,111111111111111111111111111111111111111111111111111111111111111111111111111111111111111111111111111111111111111111111111111111111111111111111111111111111111111111111111111111111111111111111111111111111111111111111111111111111111111111111111111111111111111111111111111111111111111111111111111111111111111111111111111111111111111111111111,BID_STRATEGY_TARGET_COST,64292,0,True,"['age', 'gender']",,,,,,,DEEP_CONVERSION_WORTH,,"{'goal': 'GOAL_1DAY_PURCHASE_ROAS', 'expected_roi': 0.034}",,,,,,,,,,,,,41095,,721,{'page_id': 7072179},PAGE_TYPE_TSA_APP,"['SITE_SET_QQ_MUSIC_GAME', 'SITE_SET_KANDIAN', 'SITE_SET_TENCENT_NEWS', 'SITE_SET_TENCENT_VIDEO']",,2000002794,PROMOTED_OBJECT_TYPE_APP_ANDROID,False,,,,,"{'image': 125674, 'description': '苦等11年！原版人马历时2年打造，原汁原味！七雄手游版来啦！', 'video': 125674, 'button_text': '下载游戏', 'title': '《七雄争霸》1：1还原页游经典', 'brand': {'brand_name': '七雄争霸', 'brand_img': 123609}}","224,225,226",2021-12-06,563.65,128.0,0.227091,1.0
6604,1001854,20773,1206965,0,2021-12-07 17:58:21,OPTIMIZATIONGOAL_APP_ACTIVATE,111111111111111111111111111111111111111111111111111111111111111111111111111111111111111111111111111111111111111111111111111111111111111111111111111111111111111111111111111111111111111111111111111111111111111111111111111111111111111111111111111111111111111111111111111111111111111111111111111111111111111111111111111111111111111111111111,BID_STRATEGY_TARGET_COST,200010,0,True,"['age', 'gender']",,,,,,,DEEP_CONVERSION_WORTH,,"{'goal': 'GOAL_1DAY_PURCHASE_ROAS', 'expected_roi': 0.035}",,,,,,,,,,,,,41405,,720,{'page_id': 7072179},PAGE_TYPE_TSA_APP,"['SITE_SET_QQ_MUSIC_GAME', 'SITE_SET_KANDIAN', 'SITE_SET_TENCENT_NEWS', 'SITE_SET_TENCENT_VIDEO']",,2000002794,PROMOTED_OBJECT_TYPE_APP_ANDROID,False,,,,,"{'image': 127115, 'description': '苦等11年！原版人马打造经典，七雄手游版来啦！公测送限定武将', 'video': 127115, 'button_text': '立即下载', 'title': '真正的高策略手游！', 'brand': {'brand_name': '七雄争霸', 'brand_img': 123609}}","226,230,227",2021-12-12,2073.32,54.0,0.026045,0.5
6604,1001854,20773,1206968,1,2021-12-07 17:58:22,OPTIMIZATIONGOAL_APP_ACTIVATE,111111111111111111111111111111111111111111111111111111111111111111111111111111111111111111111111111111111111111111111111111111111111111111111111111111111111111111111111111111111111111111111111111111111111111111111111111111111111111111111111111111111111111111111111111111111111111111111111111111111111111111111111111111111111111111111111,BID_STRATEGY_TARGET_COST,150010,450000,True,"['age', 'gender']",,,,,,,DEEP_CONVERSION_WORTH,,"{'goal': 'GOAL_1DAY_PURCHASE_ROAS', 'expected_roi': 0.035}",,,,,,,,,,,,,41399,,720,{'page_id': 7072179},PAGE_TYPE_TSA_APP,"['SITE_SET_QQ_MUSIC_GAME', 'SITE_SET_KANDIAN', 'SITE_SET_TENCENT_NEWS', 'SITE_SET_TENCENT_VIDEO']",,2000002794,PROMOTED_OBJECT_TYPE_APP_ANDROID,False,,,,,"{'image': 127102, 'description': '苦等11年！原版人马打造经典，七雄手游版来啦！公测送限定武将', 'video': 127102, 'button_text': '立即下载', 'title': '真正的高策略手游！', 'brand': {'brand_name': '七雄争霸', 'brand_img': 123609}}","231,227,230",2021-12-10,3982.3,159.0,0.039927,0.2222
8236,1001854,20773,1199192,1,2021-12-03 19:47:20,OPTIMIZATIONGOAL_APP_ACTIVATE,111111111111111111111111111111111111111111111111111111111111111111111111111111111111111111111111111111111111111111111111111111111111111111111111111111111111111111111111111111111111111111111111111111111111111111111111111111111111111111111111111111111111111111111111111111111111111111111111111111111111111111111111111111111111111111111111,BID_STRATEGY_TARGET_COST,200010,200000,True,"['age', 'gender']",,,,,,,DEEP_CONVERSION_WORTH,,"{'goal': 'GOAL_1DAY_PURCHASE_ROAS', 'expected_roi': 0.035}",,,,,,,,,,,,,41336,,720,{'page_id': 7072348},PAGE_TYPE_TSA_APP,"['SITE_SET_QQ_MUSIC_GAME', 'SITE_SET_KANDIAN', 'SITE_SET_TENCENT_NEWS', 'SITE_SET_TENCENT_VIDEO']",,2000002794,PROMOTED_OBJECT_TYPE_APP_ANDROID,False,,,,,"{'image': 126747, 'description': '3车2步，2车2骑1弓，10年后再玩《七雄》你会怎么选？', 'video': 126747, 'button_text': '立即下载', 'title': '七雄争霸1：1还原页游经典！', 'brand': {'brand_name': '七雄争霸', 'brand_img': 123609}}","230,226",2021-12-11,1769.91,128.0,0.07232,1.0
8236,1001854,20773,1199185,1,2021-12-03 19:47:21,OPTIMIZATIONGOAL_APP_ACTIVATE,111111111111111111111111111111111111111111111111111111111111111111111111111111111111111111111111111111111111111111111111111111111111111111111111111111111111111111111111111111111111111111111111111111111111111111111111111111111111111111111111111111111111111111111111111111111111111111111111111111111111111111111111111111111111111111111111,BID_STRATEGY_TARGET_COST,157510,250000,True,"['age', 'gender']",,,,,,,DEEP_CONVERSION_WORTH,,"{'goal': 'GOAL_1DAY_PURCHASE_ROAS', 'expected_roi': 0.035}",,,,,,,,,,,,,41371,,720,{'page_id': 7072348},PAGE_TYPE_TSA_APP,"['SITE_SET_QQ_MUSIC_GAME', 'SITE_SET_KANDIAN', 'SITE_SET_TENCENT_NEWS', 'SITE_SET_TENCENT_VIDEO']",,2000002794,PROMOTED_OBJECT_TYPE_APP_ANDROID,False,,,,,"{'image': 2038933, 'description': '3车2步，2车2骑1弓，10年后再玩《七雄》你会怎么选？', 'video': 126972, 'button_text': '立即下载', 'title': '七雄争霸1：1还原页游经典！', 'brand': {'brand_name': '七雄争霸', 'brand_img': 123609}}","224,227,228,226,230",2021-12-08,25898.06,1805.0,0.069696,0.1739
8237,1001854,20773,1199083,0,2021-12-03 19:46:19,OPTIMIZATIONGOAL_APP_ACTIVATE,111111111111111111111111111111111111111111111111111111111111111111111111111111111111111111111111111111111111111111111111111111111111111111111111111111111111111111111111111111111111111111111111111111111111111111111111111111111111111111111111111111111111111111111111111111111111111111111111111111111111111111111111111111111111111111111111,BID_STRATEGY_TARGET_COST,250010,0,True,"['age', 'gender']",,,,,,,DEEP_CONVERSION_WORTH,,"{'goal': 'GOAL_1DAY_PURCHASE_ROAS', 'expected_roi': 0.035}",,,,,,,,,,,,,41335,,720,{'page_id': 7069371},PAGE_TYPE_TSA_APP,"['SITE_SET_QQ_MUSIC_GAME', 'SITE_SET_KANDIAN', 'SITE_SET_TENCENT_NEWS', 'SITE_SET_TENCENT_VIDEO']",,2000002794,PROMOTED_OBJECT_TYPE_APP_ANDROID,False,,,,,"{'image': 126743, 'description': '3车2步，2车2骑1弓，10年后再玩《七雄》你会怎么选？', 'video': 126743, 'button_text': '立即下载', 'title': '七雄争霸1：1还原页游经典！', 'brand': {'brand_name': '七雄争霸', 'brand_img': 123609}}","231,230",2021-12-12,384.1,55.0,0.143192,0.5
8237,1001854,20773,1199141,0,2021-12-03 19:47:16,OPTIMIZATIONGOAL_APP_ACTIVATE,111111111111111111111111111111111111111111111111111111111111111111111111111111111111111111111111111111111111111111111111111111111111111111111111111111111111111111111111111111111111111111111111111111111111111111111111111111111111111111111111111111111111111111111111111111111111111111111111111111111111111111111111111111111111111111111111,BID_STRATEGY_TARGET_COST,89749,0,True,"['age', 'gender']",,,,,,,DEEP_CONVERSION_WORTH,,"{'goal': 'GOAL_1DAY_PURCHASE_ROAS', 'expected_roi': 0.031}",,,,,,,,,,,,,41210,,720,{'page_id': 7069371},PAGE_TYPE_TSA_APP,"['SITE_SET_QQ_MUSIC_GAME', 'SITE_SET_KANDIAN', 'SITE_SET_TENCENT_NEWS', 'SITE_SET_TENCENT_VIDEO']",,2000002794,PROMOTED_OBJECT_TYPE_APP_ANDROID,False,,,,,"{'image': 126271, 'description': '3车2步，2车2骑1弓，10年后再玩《七雄》你会怎么选？', 'video': 126271, 'button_text': '立即下载', 'title': '七雄争霸1：1还原页游经典！', 'brand': {'brand_name': '七雄争霸', 'brand_img': 123609}}","231,227",2021-12-12,1770.57,36.0,0.020332,0.25
8237,1001854,20773,1199173,0,2021-12-03 19:47:18,OPTIMIZATIONGOAL_APP_ACTIVATE,111111111111111111111111111111111111111111111111111111111111111111111111111111111111111111111111111111111111111111111111111111111111111111111111111111111111111111111111111111111111111111111111111111111111111111111111111111111111111111111111111111111111111111111111111111111111111111111111111111111111111111111111111111111111111111111111,BID_STRATEGY_TARGET_COST,86204,0,True,"['age', 'gender']",,,,,,,DEEP_CONVERSION_WORTH,,"{'goal': 'GOAL_1DAY_PURCHASE_ROAS', 'expected_roi': 0.031}",,,,,,,,,,,,,41336,,720,{'page_id': 7069371},PAGE_TYPE_TSA_APP,"['SITE_SET_QQ_MUSIC_GAME', 'SITE_SET_KANDIAN', 'SITE_SET_TENCENT_NEWS', 'SITE_SET_TENCENT_VIDEO']",,2000002794,PROMOTED_OBJECT_TYPE_APP_ANDROID,False,,,,,"{'image': 126745, 'description': '3车2步，2车2骑1弓，10年后再玩《七雄》你会怎么选？', 'video': 126745, 'button_text': '立即下载', 'title': '七雄争霸1：1还原页游经典！', 'brand': {'brand_name': '七雄争霸', 'brand_img': 123609}}","230,226",2021-12-12,837.36,270.0,0.322442,1.0
8237,1001854,20773,1199193,0,2021-12-03 19:47:19,OPTIMIZATIONGOAL_APP_ACTIVATE,111111111111111111111111111111111111111111111111111111111111111111111111111111111111111111111111111111111111111111111111111111111111111111111111111111111111111111111111111111111111111111111111111111111111111111111111111111111111111111111111111111111111111111111111111111111111111111111111111111111111111111111111111111111111111111111111,BID_STRATEGY_TARGET_COST,150000,0,True,"['age', 'gender']",,,,,,,DEEP_CONVERSION_WORTH,,"{'goal': 'GOAL_1DAY_PURCHASE_ROAS', 'expected_roi': 0.035}",,,,,,,,,,,,,41331,,720,{'page_id': 7069371},PAGE_TYPE_TSA_APP,"['SITE_SET_QQ_MUSIC_GAME', 'SITE_SET_KANDIAN', 'SITE_SET_TENCENT_NEWS', 'SITE_SET_TENCENT_VIDEO']",,2000002794,PROMOTED_OBJECT_TYPE_APP_ANDROID,False,,,,,"{'image': 126722, 'description': '3车2步，2车2骑1弓，10年后再玩《七雄》你会怎么选？', 'video': 126722, 'button_text': '立即下载', 'title': '七雄争霸1：1还原页游经典！', 'brand': {'brand_name': '七雄争霸', 'brand_img': 123609}}","227,230",2021-12-06,445.83,301.0,0.675145,1.0
8902,1001854,20773,1188058,1,2021-11-29 12:00:21,OPTIMIZATIONGOAL_APP_ACTIVATE,111111111111111111111111111111111111111111111111111111111111111111111111111111111111111111111111111111111111111111111111111111111111111111111111111111111111111111111111111111111111111111111111111111111111111111111111111111111111111111111111111111111111111111111111111111111111111111111111111111111111111111111111111111111111111111111111,BID_STRATEGY_TARGET_COST,126052,350000,True,"['age', 'gender']",,,,,,,DEEP_CONVERSION_WORTH,,"{'goal': 'GOAL_1DAY_PURCHASE_ROAS', 'expected_roi': 0.034}",,,,,,,,,,,,,41060,,721,{'page_id': 7313480},PAGE_TYPE_TSA_APP,"['SITE_SET_QQ_MUSIC_GAME', 'SITE_SET_KANDIAN', 'SITE_SET_TENCENT_NEWS', 'SITE_SET_TENCENT_VIDEO']",,2000002794,PROMOTED_OBJECT_TYPE_APP_ANDROID,False,,,,,"{'image': 125551, 'description': '苦等11年！原版人马历时2年打造，原汁原味！七雄手游版来啦！', 'video': 125551, 'button_text': '下载游戏', 'title': '《七雄争霸》1：1还原页游经典', 'brand': {'brand_name': '七雄争霸', 'brand_img': 123609}}","224,226",2021-12-05,4281.6,148.0,0.034567,0.0909
8902,1001854,20773,1211929,0,2021-12-09 16:27:08,OPTIMIZATIONGOAL_APP_ACTIVATE,111111111111111111111111111111111111111111111111111111111111111111111111111111111111111111111111111111111111111111111111111111111111111111111111111111111111111111111111111111111111111111111111111111111111111111111111111111111111111111111111111111111111111111111111111111111111111111111111111111111111111111111111111111111111111111111111,BID_STRATEGY_TARGET_COST,207510,0,True,"['age', 'gender']",,,,,,,DEEP_CONVERSION_WORTH,,"{'goal': 'GOAL_1DAY_PURCHASE_ROAS', 'expected_roi': 0.035}",,,,,,,,,,,,,41538,,711,{'page_id': 7313480},PAGE_TYPE_TSA_APP,"['SITE_SET_QQ_MUSIC_GAME', 'SITE_SET_KANDIAN', 'SITE_SET_TENCENT_NEWS', 'SITE_SET_TENCENT_VIDEO', 'SITE_SET_MOBILE_UNION', 'SITE_SET_WECHAT']",,2000002794,PROMOTED_OBJECT_TYPE_APP_ANDROID,False,,,,,"{'image': 127776, 'head_line': '1：1还原经典', 'description': '别玩那些靠氪金的游戏了，试试这款七雄争霸，0充值照样爽！', 'caption': '真正的高策略手游', 'left_bottom_txt': '高爆率SLG', 'button_text': '立即下载', 'title': '高爆率SLG手游重磅上线', 'brand': {'brand_name': '七雄争霸', 'brand_img': 123609}}",,2021-12-12,1727.63,43.0,0.02489,0.125
8902,1001854,20773,1211932,1,2021-12-09 16:27:08,OPTIMIZATIONGOAL_APP_ACTIVATE,111111111111111111111111111111111111111111111111111111111111111111111111111111111111111111111111111111111111111111111111111111111111111111111111111111111111111111111111111111111111111111111111111111111111111111111111111111111111111111111111111111111111111111111111111111111111111111111111111111111111111111111111111111111111111111111111,BID_STRATEGY_TARGET_COST,91530,300000,True,"['age', 'gender']",,,,,,,DEEP_CONVERSION_WORTH,,"{'goal': 'GOAL_1DAY_PURCHASE_ROAS', 'expected_roi': 0.035}",,,,,,,,,,,,,41535,,711,{'page_id': 7313480},PAGE_TYPE_TSA_APP,"['SITE_SET_QQ_MUSIC_GAME', 'SITE_SET_KANDIAN', 'SITE_SET_TENCENT_NEWS', 'SITE_SET_TENCENT_VIDEO', 'SITE_SET_MOBILE_UNION', 'SITE_SET_WECHAT']",,2000002794,PROMOTED_OBJECT_TYPE_APP_ANDROID,False,,,,,"{'image': 127773, 'head_line': '1：1还原经典', 'description': '别玩那些靠氪金的游戏了，试试这款七雄争霸，0充值照样爽！', 'caption': '真正的高策略手游', 'left_bottom_txt': '高爆率SLG', 'button_text': '立即下载', 'title': '高爆率SLG手游重磅上线', 'brand': {'brand_name': '七雄争霸', 'brand_img': 123609}}",,2021-12-12,213.56,30.0,0.140476,0.5
8902,1001854,20773,1212297,0,2021-12-09 17:44:08,OPTIMIZATIONGOAL_APP_ACTIVATE,111111111111111111111111111111111111111111111111111111111111111111111111111111111111111111111111111111111111111111111111111111111111111111111111111111111111111111111111111111111111111111111111111111111111111111111111111111111111111111111111111111111111111111111111111111111111111111111111111111111111111111111111111111111111111111111111,BID_STRATEGY_TARGET_COST,200010,0,True,"['age', 'gender']",,,,,,,DEEP_CONVERSION_WORTH,,"{'goal': 'GOAL_1DAY_PURCHASE_ROAS', 'expected_roi': 0.035}",,,,,,,,,,,,,41382,,720,{'page_id': 7313480},PAGE_TYPE_TSA_APP,"['SITE_SET_QQ_MUSIC_GAME', 'SITE_SET_KANDIAN', 'SITE_SET_TENCENT_NEWS', 'SITE_SET_TENCENT_VIDEO']",,2000002794,PROMOTED_OBJECT_TYPE_APP_ANDROID,False,,,,,"{'image': 127020, 'description': '《七雄争霸》终于出手游了，1：1还原页游经典，老玩家已玩嗨！', 'video': 127020, 'button_text': '下载游戏', 'title': '真正的高策略手游！', 'brand': {'brand_name': '七雄', 'brand_img': 123609}}","225,224,226",2021-12-11,247.39,61.0,0.246574,0.5
6600,1001854,20813,1187895,0,2021-11-29 11:19:14,OPTIMIZATIONGOAL_APP_ACTIVATE,111111111111111111111111111111111111111111111111111111111111111111111111111111111111111111111111111111111111111111111111111111111111111111111111111111111111111111111111111111111111111111111111111111111111111111111111111111111111111111111111111111111111111111111111111111111111111111111111111111111111111111111111111111111111111111111111,BID_STRATEGY_TARGET_COST,294393,0,True,"['age', 'gender']",,,,,,,DEEP_CONVERSION_WORTH,,"{'goal': 'GOAL_1DAY_PURCHASE_ROAS', 'expected_roi': 0.036}",,,,,,,,,,,,,41147,,720,{'page_id': 7003928},PAGE_TYPE_TSA_APP,"['SITE_SET_QQ_MUSIC_GAME', 'SITE_SET_KANDIAN', 'SITE_SET_TENCENT_NEWS', 'SITE_SET_TENCENT_VIDEO']",,2000002794,PROMOTED_OBJECT_TYPE_APP_ANDROID,False,,,,,"{'image': 125937, 'bottom_text': '热门手游今日公测', 'description': '战国迷必玩！这款真实还原战国历史，你能抵挡六国进攻吗？', 'video': 125937, 'button_text': '下载游戏', 'title': '七雄争霸，真实还原历史战场！', 'brand': {'brand_name': '七雄争霸', 'brand_img': 123609}}","229,231",2021-12-05,3644.46,217.0,0.059542,0.4
6600,1001854,20813,1191813,0,2021-11-30 22:00:23,OPTIMIZATIONGOAL_APP_ACTIVATE,111111111111111111111111111111111111111111111111111111111111111111111111111111111111111111111111111111111111111111111111111111111111111111111111111111111111111111111111111111111111111111111111111111111111111111111111111111111111111111111111111111111111111111111111111111111111111111111111111111111111111111111111111111111111111111111111,BID_STRATEGY_TARGET_COST,263270,0,True,"['gender', 'age']",,,,,,,DEEP_CONVERSION_WORTH,,"{'goal': 'GOAL_1DAY_PURCHASE_ROAS', 'expected_roi': 0.036}",,,,,,,,,,,,,41217,,721,{'page_id': 7003928},PAGE_TYPE_TSA_APP,"['SITE_SET_QQ_MUSIC_GAME', 'SITE_SET_KANDIAN', 'SITE_SET_TENCENT_NEWS', 'SITE_SET_TENCENT_VIDEO']",,2000002794,PROMOTED_OBJECT_TYPE_APP_ANDROID,False,,,,,"{'image': 126286, 'description': '七雄福利版来袭！还原经典玩法，无需充值，限时福利码：QX888！', 'video': 126286, 'button_text': '下载游戏', 'title': '七雄页游原班打造，正版授权！', 'brand': {'brand_name': '七雄争霸', 'brand_img': 123609}}","224,226,229",2021-12-07,1706.0,98.0,0.057444,1.0
6601,1001854,20813,1207078,0,2021-12-07 22:24:16,OPTIMIZATIONGOAL_APP_ACTIVATE,111111111111111111111111111111111111111111111111111111111111111111111111111111111111111111111111111111111111111111111111111111111111111111111111111111111111111111111111111111111111111111111111111111111111111111111111111111111111111111111111111111111111111111111111111111111111111111111111111111111111111111111111111111111111111111111111,BID_STRATEGY_TARGET_COST,353099,0,True,"['age', 'gender']",,,,,,,DEEP_CONVERSION_WORTH,,"{'goal': 'GOAL_1DAY_PURCHASE_ROAS', 'expected_roi': 0.015}",,,,,,,,,,,,,41189,,721,"{'override_canvas_head_option': 'OPTION_CREATIVE_OVERRIDE_CANVAS', 'page_id': 2303233629}",PAGE_TYPE_CANVAS_WECHAT,['SITE_SET_MOMENTS'],,2000002794,PROMOTED_OBJECT_TYPE_APP_ANDROID,False,DOWNLOAD_GAME,LINK_PAGE_TYPE_CANVAS_WECHAT,649211,"{""page_id"":""2303233629""}","{'video': 126180, 'title': '这谁受得了！超多小姐姐在玩的策略手游，还不赶紧来[色][勾引]', 'brand': {'brand_name': '七雄争霸', 'brand_img': 123609}}","224,225,226",2021-12-08,3190.84,734.0,0.230033,1.0
6601,1001854,20813,1211989,0,2021-12-09 17:18:09,OPTIMIZATIONGOAL_APP_ACTIVATE,111111111111111111111111111111111111111111111111111111111111111111111111111111111111111111111111111111111111111111111111111111111111111111111111111111111111111111111111111111111111111111111111111111111111111111111111111111111111111111111111111111111111111111111111111111111111111111111111111111111111111111111111111111111111111111111111,BID_STRATEGY_TARGET_COST,374053,0,True,"['age', 'gender']",,,,,,,DEEP_CONVERSION_WORTH,,"{'goal': 'GOAL_1DAY_PURCHASE_ROAS', 'expected_roi': 0.015}",,,,,,,,,,,,,41565,,721,"{'override_canvas_head_option': 'OPTION_CREATIVE_OVERRIDE_CANVAS', 'page_id': 2303233629}",PAGE_TYPE_CANVAS_WECHAT,['SITE_SET_MOMENTS'],,2000002794,PROMOTED_OBJECT_TYPE_APP_ANDROID,False,DOWNLOAD_GAME,LINK_PAGE_TYPE_CANVAS_WECHAT,649211,"{""page_id"":""2303233629""}","{'video': 127935, 'title': '这谁受得了！超多小姐姐在玩的策略手游，还不赶紧来[色][勾引]', 'brand': {'brand_name': '七雄争霸', 'brand_img': 123609}}","224,226",2021-12-10,1206.33,36.0,0.029843,1.0
6919,1001854,20813,1191794,0,2021-11-30 22:00:23,OPTIMIZATIONGOAL_APP_ACTIVATE,111111111111111111111111111111111111111111111111111111111111111111111111111111111111111111111111111111111111111111111111111111111111111111111111111111111111111111111111111111111111111111111111111111111111111111111111111111111111111111111111111111111111111111111111111111111111111111111111111111111111111111111111111111111111111111111111,BID_STRATEGY_TARGET_COST,55404,0,True,"['gender', 'age']",,,,,,,DEEP_CONVERSION_WORTH,,"{'goal': 'GOAL_1DAY_PURCHASE_ROAS', 'expected_roi': 0.03}",,,,,,,,,,,,,41095,,721,{'page_id': 7195719},PAGE_TYPE_TSA_APP,"['SITE_SET_QQ_MUSIC_GAME', 'SITE_SET_KANDIAN', 'SITE_SET_TENCENT_NEWS', 'SITE_SET_TENCENT_VIDEO']",,2000002794,PROMOTED_OBJECT_TYPE_APP_ANDROID,False,,,,,"{'image': 125674, 'description': '《七雄争霸》终于出手游了，1：1还原页游经典，老玩家已玩嗨！', 'video': 125674, 'button_text': '下载游戏', 'title': '七雄页游原班打造，正版授权！', 'brand': {'brand_name': '七雄争霸', 'brand_img': 123609}}","224,225,226",2021-12-12,374.8,48.0,0.128068,0.5
6919,1001854,20813,1191820,0,2021-11-30 22:00:23,OPTIMIZATIONGOAL_APP_ACTIVATE,111111111111111111111111111111111111111111111111111111111111111111111111111111111111111111111111111111111111111111111111111111111111111111111111111111111111111111111111111111111111111111111111111111111111111111111111111111111111111111111111111111111111111111111111111111111111111111111111111111111111111111111111111111111111111111111111,BID_STRATEGY_TARGET_COST,58885,0,True,"['gender', 'age']",,,,,,,DEEP_CONVERSION_WORTH,,"{'goal': 'GOAL_1DAY_PURCHASE_ROAS', 'expected_roi': 0.03}",,,,,,,,,,,,,41217,,721,{'page_id': 7195719},PAGE_TYPE_TSA_APP,"['SITE_SET_QQ_MUSIC_GAME', 'SITE_SET_KANDIAN', 'SITE_SET_TENCENT_NEWS', 'SITE_SET_TENCENT_VIDEO']",,2000002794,PROMOTED_OBJECT_TYPE_APP_ANDROID,False,,,,,"{'image': 126286, 'description': '七雄福利版来袭！还原经典玩法，无需充值，限时福利码：QX888！', 'video': 126286, 'button_text': '下载游戏', 'title': '七雄页游原班打造，正版授权！', 'brand': {'brand_name': '七雄争霸', 'brand_img': 123609}}","224,226,229",2021-12-11,248.42,61.0,0.245552,0.5
6919,1001854,20813,1191828,0,2021-11-30 22:00:24,OPTIMIZATIONGOAL_APP_ACTIVATE,111111111111111111111111111111111111111111111111111111111111111111111111111111111111111111111111111111111111111111111111111111111111111111111111111111111111111111111111111111111111111111111111111111111111111111111111111111111111111111111111111111111111111111111111111111111111111111111111111111111111111111111111111111111111111111111111,BID_STRATEGY_TARGET_COST,54229,0,True,"['gender', 'age']",,,,,,,DEEP_CONVERSION_WORTH,,"{'goal': 'GOAL_1DAY_PURCHASE_ROAS', 'expected_roi': 0.03}",,,,,,,,,,,,,41222,,720,{'page_id': 7195719},PAGE_TYPE_TSA_APP,"['SITE_SET_QQ_MUSIC_GAME', 'SITE_SET_KANDIAN', 'SITE_SET_TENCENT_NEWS', 'SITE_SET_TENCENT_VIDEO']",,2000002794,PROMOTED_OBJECT_TYPE_APP_ANDROID,False,,,,,"{'image': 2021529, 'bottom_text': '立即下载领神将', 'description': '经典七雄争霸，1：1高度还原！装备全靠打，武将全靠招，爆率超高', 'video': 126294, 'button_text': '下载游戏', 'title': '七雄页游原班打造，正版授权！', 'brand': {'brand_name': '七雄争霸', 'brand_img': 123609}}",224,2021-12-13,1654.88,129.0,0.077951,0.3333
6919,1001854,20813,1191867,0,2021-11-30 22:01:29,OPTIMIZATIONGOAL_APP_ACTIVATE,111111111111111111111111111111111111111111111111111111111111111111111111111111111111111111111111111111111111111111111111111111111111111111111111111111111111111111111111111111111111111111111111111111111111111111111111111111111111111111111111111111111111111111111111111111111111111111111111111111111111111111111111111111111111111111111111,BID_STRATEGY_TARGET_COST,282624,0,True,"['gender', 'age']",,,,,,,DEEP_CONVERSION_WORTH,,"{'goal': 'GOAL_1DAY_PURCHASE_ROAS', 'expected_roi': 0.036}",,,,,,,,,,,,,41258,,720,{'page_id': 7195719},PAGE_TYPE_TSA_APP,"['SITE_SET_QQ_MUSIC_GAME', 'SITE_SET_KANDIAN', 'SITE_SET_TENCENT_NEWS', 'SITE_SET_TENCENT_VIDEO']",,2000002794,PROMOTED_OBJECT_TYPE_APP_ANDROID,False,,,,,"{'image': 126461, 'bottom_text': '立即下载领神将', 'description': '开局猥琐发育，快速收集资源，屯兵屯粮，伺机待发统一七国！', 'video': 126461, 'button_text': '下载游戏', 'title': '烧脑不烧钱的策略手游，玩过吗', 'brand': {'brand_name': '七雄争霸', 'brand_img': 123609}}","224,230",2021-12-07,1076.4,31.0,0.0288,0.3333
6919,1001854,20813,1199716,0,2021-12-04 01:09:18,OPTIMIZATIONGOAL_APP_ACTIVATE,111111111111111111111111111111111111111111111111111111111111111111111111111111111111111111111111111111111111111111111111111111111111111111111111111111111111111111111111111111111111111111111111111111111111111111111111111111111111111111111111111111111111111111111111111111111111111111111111111111111111111111111111111111111111111111111111,BID_STRATEGY_TARGET_COST,261420,0,True,"['gender', 'age']",,,,,,,DEEP_CONVERSION_WORTH,,"{'goal': 'GOAL_1DAY_PURCHASE_ROAS', 'expected_roi': 0.036}",,,,,,,,,,,,,40601,,720,{'page_id': 7195718},PAGE_TYPE_TSA_APP,"['SITE_SET_QQ_MUSIC_GAME', 'SITE_SET_KANDIAN', 'SITE_SET_TENCENT_NEWS', 'SITE_SET_TENCENT_VIDEO']",,2000002794,PROMOTED_OBJECT_TYPE_APP_ANDROID,False,,,,,"{'image': 126270, 'bottom_text': '立即下载领神将', 'description': '《七雄争霸》终于出手游了，1：1还原页游经典，礼包码：QX888！', 'video': 126270, 'button_text': '下载游戏', 'title': '七雄页游原班打造，正版授权！', 'brand': {'brand_name': '七雄争霸', 'brand_img': 123609}}","224,225,227",2021-12-09,2119.5,67.0,0.031611,0.3333
6919,1001854,20813,1216237,1,2021-12-10 18:46:12,OPTIMIZATIONGOAL_APP_ACTIVATE,111111111111111111111111111111111111111111111111111111111111111111111111111111111111111111111111111111111111111111111111111111111111111111111111111111111111111111111111111111111111111111111111111111111111111111111111111111111111111111111111111111111111111111111111111111111111111111111111111111111111111111111111111111111111111111111111,BID_STRATEGY_TARGET_COST,277203,1000000,True,"['age', 'gender']",,,,,,,DEEP_CONVERSION_WORTH,,"{'goal': 'GOAL_1DAY_PURCHASE_ROAS', 'expected_roi': 0.04}",,,,,,,,,,,,,41617,,720,{'page_id': 7195718},PAGE_TYPE_TSA_APP,[],,2000002794,PROMOTED_OBJECT_TYPE_APP_ANDROID,True,,,,,"{'image': 2070491, 'bottom_text': '立即下载领神将', 'description': '经典七雄争霸，1：1高度还原！装备全靠打，武将全靠招，爆率超高', 'video': 128187, 'button_text': '下载游戏', 'title': '正版七雄争霸！超高爆率！', 'brand': {'brand_name': '七雄争霸', 'brand_img': 123609}}","229,231",2021-12-12,8593.22,306.0,0.035609,0.3333
6919,1001854,20813,1216255,0,2021-12-10 18:46:12,OPTIMIZATIONGOAL_APP_ACTIVATE,111111111111111111111111111111111111111111111111111111111111111111111111111111111111111111111111111111111111111111111111111111111111111111111111111111111111111111111111111111111111111111111111111111111111111111111111111111111111111111111111111111111111111111111111111111111111111111111111111111111111111111111111111111111111111111111111,BID_STRATEGY_TARGET_COST,251339,0,True,"['age', 'gender']",,['NOT_INSTALLED'],['MALE'],"['HIGH', 'NORMAL']","[{'min': 18, 'max': 52}]",,DEEP_CONVERSION_WORTH,,"{'goal': 'GOAL_1DAY_PURCHASE_ROAS', 'expected_roi': 0.04}",,,,,,,,,['OPTIMIZATIONGOAL_APP_ACTIVATE'],EXCLUDED_DIMENSION_APP,,,41572,,721,{'page_id': 7195718},PAGE_TYPE_TSA_APP,[],,2000002794,PROMOTED_OBJECT_TYPE_APP_ANDROID,True,,,,,"{'image': 127966, 'description': '经典七雄争霸，1：1高度还原！装备全靠打，武将全靠招，爆率超高', 'video': 127966, 'button_text': '下载游戏', 'title': '七雄页游原班打造，正版授权！', 'brand': {'brand_name': '七雄争霸', 'brand_img': 123609}}","226,224",2021-12-13,836.69,67.0,0.080077,0.3333
6920,1001854,20813,1199672,1,2021-12-04 01:02:14,OPTIMIZATIONGOAL_APP_PURCHASE,111111111111111111111111111111111111111111111111111111111111111111111111111111111111111111111111111111111111111111111111111111111111111111111111111111111111111111111111111111111111111111111111111111111111111111111111111111111111111111111111111111111111111111111111111111111111111111111111111111111111111111111111111111111111111111111111,BID_STRATEGY_TARGET_COST,0,300000,False,[],,['NOT_INSTALLED'],['MALE'],"['HIGH', 'NORMAL']","[{'min': 18, 'max': 50}]",,,,,,,,,,,,,['OPTIMIZATIONGOAL_APP_ACTIVATE'],EXCLUDED_DIMENSION_APP,,,41402,,721,{'page_id': 7003967},PAGE_TYPE_TSA_APP,"['SITE_SET_QQ_MUSIC_GAME', 'SITE_SET_KANDIAN', 'SITE_SET_TENCENT_NEWS', 'SITE_SET_TENCENT_VIDEO']",,2000002794,PROMOTED_OBJECT_TYPE_APP_ANDROID,False,,,,,"{'image': 127112, 'description': '《七雄争霸》终于出手游了，1：1还原页游经典，礼包码：QX888！', 'video': 127112, 'button_text': '下载游戏', 'title': '七雄页游原班打造，正版授权！', 'brand': {'brand_name': '七雄争霸', 'brand_img': 123609}}","227,226",2021-12-05,2642.45,131.0,0.049575,0.3333
6920,1001854,20813,1199667,1,2021-12-04 01:02:15,OPTIMIZATIONGOAL_APP_PURCHASE,111111111111111111111111111111111111111111111111111111111111111111111111111111111111111111111111111111111111111111111111111111111111111111111111111111111111111111111111111111111111111111111111111111111111111111111111111111111111111111111111111111111111111111111111111111111111111111111111111111111111111111111111111111111111111111111111,BID_STRATEGY_TARGET_COST,0,300000,False,[],,['NOT_INSTALLED'],['MALE'],"['HIGH', 'NORMAL']","[{'min': 18, 'max': 50}]",,,,,,,,,,,,,['OPTIMIZATIONGOAL_APP_ACTIVATE'],EXCLUDED_DIMENSION_APP,,,41403,,721,{'page_id': 7003967},PAGE_TYPE_TSA_APP,"['SITE_SET_QQ_MUSIC_GAME', 'SITE_SET_KANDIAN', 'SITE_SET_TENCENT_NEWS', 'SITE_SET_TENCENT_VIDEO']",,2000002794,PROMOTED_OBJECT_TYPE_APP_ANDROID,False,,,,,"{'image': 2042839, 'description': '《七雄争霸》终于出手游了，1：1还原页游经典，礼包码：QX888！', 'video': 127113, 'button_text': '下载游戏', 'title': '七雄页游原班打造，正版授权！', 'brand': {'brand_name': '七雄争霸', 'brand_img': 123609}}","224,227,232",2021-12-05,2654.87,97.0,0.036537,0.375
6920,1001854,20813,1199680,1,2021-12-04 01:02:16,OPTIMIZATIONGOAL_APP_PURCHASE,111111111111111111111111111111111111111111111111111111111111111111111111111111111111111111111111111111111111111111111111111111111111111111111111111111111111111111111111111111111111111111111111111111111111111111111111111111111111111111111111111111111111111111111111111111111111111111111111111111111111111111111111111111111111111111111111,BID_STRATEGY_TARGET_COST,0,150000,False,[],,,,,,,,,,,,,,,,,,,,,,41290,,721,{'page_id': 7003967},PAGE_TYPE_TSA_APP,"['SITE_SET_QQ_MUSIC_GAME', 'SITE_SET_KANDIAN', 'SITE_SET_TENCENT_NEWS', 'SITE_SET_TENCENT_VIDEO']",,2000002794,PROMOTED_OBJECT_TYPE_APP_ANDROID,False,,,,,"{'image': 126538, 'description': '我玩了一天就做州牧，同事玩了3分钟就被俘虏，这游戏就靠策略！', 'video': 126538, 'button_text': '下载游戏', 'title': '烧脑策略手游，同事一天被俘虏', 'brand': {'brand_name': '七雄争霸', 'brand_img': 123609}}","224,225,226",2021-12-09,213.21,134.0,0.628488,1.0
7456,1001854,20813,1191788,0,2021-11-30 22:00:22,OPTIMIZATIONGOAL_APP_ACTIVATE,111111111111111111111111111111111111111111111111111111111111111111111111111111111111111111111111111111111111111111111111111111111111111111111111111111111111111111111111111111111111111111111111111111111111111111111111111111111111111111111111111111111111111111111111111111111111111111111111111111111111111111111111111111111111111111111111,BID_STRATEGY_TARGET_COST,296547,0,True,"['gender', 'age']",,,,,,,DEEP_CONVERSION_WORTH,,"{'goal': 'GOAL_1DAY_PURCHASE_ROAS', 'expected_roi': 0.036}",,,,,,,,,,,,,41217,,721,{'page_id': 7195958},PAGE_TYPE_TSA_APP,"['SITE_SET_QQ_MUSIC_GAME', 'SITE_SET_KANDIAN', 'SITE_SET_TENCENT_NEWS', 'SITE_SET_TENCENT_VIDEO']",,2000002794,PROMOTED_OBJECT_TYPE_APP_ANDROID,False,,,,,"{'image': 126286, 'description': '七雄福利版来袭！还原经典玩法，无需充值，限时福利码：QX888！', 'video': 126286, 'button_text': '下载游戏', 'title': '七雄页游原班打造，正版授权！', 'brand': {'brand_name': '七雄争霸', 'brand_img': 123609}}","224,226,229",2021-12-09,1937.15,61.0,0.03149,0.3333
7456,1001854,20813,1191798,0,2021-11-30 22:00:23,OPTIMIZATIONGOAL_APP_ACTIVATE,111111111111111111111111111111111111111111111111111111111111111111111111111111111111111111111111111111111111111111111111111111111111111111111111111111111111111111111111111111111111111111111111111111111111111111111111111111111111111111111111111111111111111111111111111111111111111111111111111111111111111111111111111111111111111111111111,BID_STRATEGY_TARGET_COST,247194,0,True,"['gender', 'age']",,,,,,,DEEP_CONVERSION_WORTH,,"{'goal': 'GOAL_1DAY_PURCHASE_ROAS', 'expected_roi': 0.036}",,,,,,,,,,,,,41218,,721,{'page_id': 7195958},PAGE_TYPE_TSA_APP,"['SITE_SET_QQ_MUSIC_GAME', 'SITE_SET_KANDIAN', 'SITE_SET_TENCENT_NEWS', 'SITE_SET_TENCENT_VIDEO']",,2000002794,PROMOTED_OBJECT_TYPE_APP_ANDROID,False,,,,,"{'image': 126287, 'description': '七雄福利版来袭！还原经典玩法，无需充值，限时福利码：QX888！', 'video': 126287, 'button_text': '下载游戏', 'title': '七雄页游原班打造，正版授权！', 'brand': {'brand_name': '七雄争霸', 'brand_img': 123609}}","224,226,229",2021-12-09,2466.75,67.0,0.027161,0.2857
7456,1001854,20813,1191800,1,2021-11-30 22:00:23,OPTIMIZATIONGOAL_APP_ACTIVATE,111111111111111111111111111111111111111111111111111111111111111111111111111111111111111111111111111111111111111111111111111111111111111111111111111111111111111111111111111111111111111111111111111111111111111111111111111111111111111111111111111111111111111111111111111111111111111111111111111111111111111111111111111111111111111111111111,BID_STRATEGY_TARGET_COST,260035,600000,True,"['gender', 'age']",,,,,,,DEEP_CONVERSION_WORTH,,"{'goal': 'GOAL_1DAY_PURCHASE_ROAS', 'expected_roi': 0.036}",,,,,,,,,,,,,41222,,720,{'page_id': 7195958},PAGE_TYPE_TSA_APP,"['SITE_SET_QQ_MUSIC_GAME', 'SITE_SET_KANDIAN', 'SITE_SET_TENCENT_NEWS', 'SITE_SET_TENCENT_VIDEO']",,2000002794,PROMOTED_OBJECT_TYPE_APP_ANDROID,False,,,,,"{'image': 2021529, 'bottom_text': '立即下载领神将', 'description': '经典七雄争霸，1：1高度还原！装备全靠打，武将全靠招，爆率超高', 'video': 126294, 'button_text': '下载游戏', 'title': '七雄页游原班打造，正版授权！', 'brand': {'brand_name': '七雄争霸', 'brand_img': 123609}}",224,2021-12-04,5309.73,431.0,0.081172,0.1667
7456,1001854,20813,1191832,0,2021-11-30 22:01:28,OPTIMIZATIONGOAL_APP_ACTIVATE,111111111111111111111111111111111111111111111111111111111111111111111111111111111111111111111111111111111111111111111111111111111111111111111111111111111111111111111111111111111111111111111111111111111111111111111111111111111111111111111111111111111111111111111111111111111111111111111111111111111111111111111111111111111111111111111111,BID_STRATEGY_TARGET_COST,288797,0,True,"['gender', 'age']",,,,,,,DEEP_CONVERSION_WORTH,,"{'goal': 'GOAL_1DAY_PURCHASE_ROAS', 'expected_roi': 0.036}",,,,,,,,,,,,,41262,,720,{'page_id': 7195958},PAGE_TYPE_TSA_APP,"['SITE_SET_QQ_MUSIC_GAME', 'SITE_SET_KANDIAN', 'SITE_SET_TENCENT_NEWS', 'SITE_SET_TENCENT_VIDEO']",,2000002794,PROMOTED_OBJECT_TYPE_APP_ANDROID,False,,,,,"{'image': 2026124, 'bottom_text': '立即下载领神将', 'description': '苦等11年！七雄终于出手游！五大兵种108位武将，还原真实战场！', 'video': 126489, 'button_text': '下载游戏', 'title': '七雄争霸正版授权，开局送西施', 'brand': {'brand_name': '七雄争霸', 'brand_img': 123609}}","229,232",2021-12-04,235.96,73.0,0.309374,0.5
7456,1001854,20813,1199706,0,2021-12-04 01:09:17,OPTIMIZATIONGOAL_APP_ACTIVATE,111111111111111111111111111111111111111111111111111111111111111111111111111111111111111111111111111111111111111111111111111111111111111111111111111111111111111111111111111111111111111111111111111111111111111111111111111111111111111111111111111111111111111111111111111111111111111111111111111111111111111111111111111111111111111111111111,BID_STRATEGY_TARGET_COST,286650,0,True,"['gender', 'age']",,,,,,,DEEP_CONVERSION_WORTH,,"{'goal': 'GOAL_1DAY_PURCHASE_ROAS', 'expected_roi': 0.036}",,,,,,,,,,,,,40829,,720,{'page_id': 7195958},PAGE_TYPE_TSA_APP,"['SITE_SET_QQ_MUSIC_GAME', 'SITE_SET_KANDIAN', 'SITE_SET_TENCENT_NEWS', 'SITE_SET_TENCENT_VIDEO']",,2000002794,PROMOTED_OBJECT_TYPE_APP_ANDROID,False,,,,,"{'image': 124539, 'bottom_text': '立即下载领神将', 'description': '《七雄争霸》终于出手游了，1：1还原页游经典，礼包码：QX888！', 'video': 124539, 'button_text': '下载游戏', 'title': '七雄页游原班打造，正版授权！', 'brand': {'brand_name': '七雄争霸', 'brand_img': 123609}}","226,227,224,225",2021-12-07,2196.5,153.0,0.069656,0.25
7456,1001854,20813,1199729,0,2021-12-04 01:09:19,OPTIMIZATIONGOAL_APP_ACTIVATE,111111111111111111111111111111111111111111111111111111111111111111111111111111111111111111111111111111111111111111111111111111111111111111111111111111111111111111111111111111111111111111111111111111111111111111111111111111111111111111111111111111111111111111111111111111111111111111111111111111111111111111111111111111111111111111111111,BID_STRATEGY_TARGET_COST,273407,0,True,"['gender', 'age']",,,,,,,DEEP_CONVERSION_WORTH,,"{'goal': 'GOAL_1DAY_PURCHASE_ROAS', 'expected_roi': 0.032}",,,,,,,,,,,,,40601,,720,{'page_id': 7195958},PAGE_TYPE_TSA_APP,"['SITE_SET_QQ_MUSIC_GAME', 'SITE_SET_KANDIAN', 'SITE_SET_TENCENT_NEWS', 'SITE_SET_TENCENT_VIDEO']",,2000002794,PROMOTED_OBJECT_TYPE_APP_ANDROID,False,,,,,"{'image': 126270, 'bottom_text': '立即下载领神将', 'description': '《七雄争霸》终于出手游了，1：1还原页游经典，礼包码：QX888！', 'video': 126270, 'button_text': '下载游戏', 'title': '七雄页游原班打造，正版授权！', 'brand': {'brand_name': '七雄争霸', 'brand_img': 123609}}","224,225,227",2021-12-10,6593.92,287.0,0.043525,0.1111
7456,1001854,20813,1216243,0,2021-12-10 18:46:12,OPTIMIZATIONGOAL_APP_ACTIVATE,111111111111111111111111111111111111111111111111111111111111111111111111111111111111111111111111111111111111111111111111111111111111111111111111111111111111111111111111111111111111111111111111111111111111111111111111111111111111111111111111111111111111111111111111111111111111111111111111111111111111111111111111111111111111111111111111,BID_STRATEGY_TARGET_COST,266813,0,True,"['age', 'gender']",,['NOT_INSTALLED'],['MALE'],"['HIGH', 'NORMAL']","[{'min': 18, 'max': 52}]",,DEEP_CONVERSION_WORTH,,"{'goal': 'GOAL_1DAY_PURCHASE_ROAS', 'expected_roi': 0.04}",,,,,,,,,['OPTIMIZATIONGOAL_APP_ACTIVATE'],EXCLUDED_DIMENSION_APP,,,41577,,721,{'page_id': 7195962},PAGE_TYPE_TSA_APP,[],,2000002794,PROMOTED_OBJECT_TYPE_APP_ANDROID,True,,,,,"{'image': 127992, 'description': '我玩三天就做州牧，小姨子玩一天就被俘虏，这游戏玩的就是策略！', 'video': 127992, 'button_text': '下载游戏', 'title': '七雄页游原班打造，正版授权！', 'brand': {'brand_name': '七雄争霸', 'brand_img': 123609}}","224,227,230",2021-12-13,345.12,61.0,0.17675,1.0
7456,1001854,20813,1216258,1,2021-12-10 18:46:12,OPTIMIZATIONGOAL_APP_ACTIVATE,111111111111111111111111111111111111111111111111111111111111111111111111111111111111111111111111111111111111111111111111111111111111111111111111111111111111111111111111111111111111111111111111111111111111111111111111111111111111111111111111111111111111111111111111111111111111111111111111111111111111111111111111111111111111111111111111,BID_STRATEGY_TARGET_COST,204504,400000,True,"['age', 'gender']",,,,,,,DEEP_CONVERSION_WORTH,,"{'goal': 'GOAL_1DAY_PURCHASE_ROAS', 'expected_roi': 0.04}",,,,,,,,,,,,,41562,,720,{'page_id': 7195962},PAGE_TYPE_TSA_APP,[],,2000002794,PROMOTED_OBJECT_TYPE_APP_ANDROID,True,,,,,"{'image': 2063507, 'bottom_text': '立即下载领神将', 'description': '8分钟开局建城，1天招兵买马，7天成为一州之主，你来试试？', 'video': 127926, 'button_text': '下载游戏', 'title': '经典七雄争霸，武将全靠招！', 'brand': {'brand_name': '七雄争霸', 'brand_img': 123609}}","224,228,229",2021-12-11,3638.83,837.0,0.230019,0.3333
10070,1001854,20813,1209801,0,2021-12-08 23:17:12,OPTIMIZATIONGOAL_APP_ACTIVATE,111111111111111111111111111111111111111111111111111111111111111111111111111111111111111111111111111111111111111111111111111111111111111111111111111111111111111111111111111111111111111111111111111111111111111111111111111111111111111111111111111111111111111111111111111111111111111111111111111111111111111111111111111111111111111111111111,BID_STRATEGY_TARGET_COST,46407,0,True,"['age', 'gender']",,,,,,,DEEP_CONVERSION_WORTH,,"{'goal': 'GOAL_1DAY_PURCHASE_ROAS', 'expected_roi': 0.034}",,,,,,,,,,,,,41330,,720,{'page_id': 8260106},PAGE_TYPE_TSA_APP,[],,2000002794,PROMOTED_OBJECT_TYPE_APP_ANDROID,True,,,,,"{'image': 126721, 'bottom_text': '立即下载领神将', 'description': '《七雄争霸》终于出手游了，1：1还原页游经典，礼包码：QX888！', 'video': 126721, 'button_text': '下载游戏', 'title': '七雄页游原班打造，正版授权！', 'brand': {'brand_name': '七雄争霸', 'brand_img': 123609}}","224,226,227",2021-12-11,1995.67,60.0,0.030065,0.25
10071,1001854,20813,1209737,0,2021-12-08 23:17:12,OPTIMIZATIONGOAL_APP_ACTIVATE,111111111111111111111111111111111111111111111111111111111111111111111111111111111111111111111111111111111111111111111111111111111111111111111111111111111111111111111111111111111111111111111111111111111111111111111111111111111111111111111111111111111111111111111111111111111111111111111111111111111111111111111111111111111111111111111111,BID_STRATEGY_TARGET_COST,42766,0,True,"['age', 'gender']",,,,,,,DEEP_CONVERSION_WORTH,,"{'goal': 'GOAL_1DAY_PURCHASE_ROAS', 'expected_roi': 0.03}",,,,,,,,,,,,,41514,,721,{'page_id': 8260186},PAGE_TYPE_TSA_APP,[],,2000002794,PROMOTED_OBJECT_TYPE_APP_ANDROID,True,,,,,"{'image': 127704, 'description': '我玩三天就做州牧，同事玩一天就被俘虏，这游戏玩的就是策略！', 'video': 127704, 'button_text': '下载游戏', 'title': '七雄页游原班打造，正版授权！', 'brand': {'brand_name': '七雄争霸', 'brand_img': 123609}}","226,225,224",2021-12-13,3629.48,123.0,0.033889,0.5
10071,1001854,20813,1209771,0,2021-12-08 23:17:12,OPTIMIZATIONGOAL_APP_ACTIVATE,111111111111111111111111111111111111111111111111111111111111111111111111111111111111111111111111111111111111111111111111111111111111111111111111111111111111111111111111111111111111111111111111111111111111111111111111111111111111111111111111111111111111111111111111111111111111111111111111111111111111111111111111111111111111111111111111,BID_STRATEGY_TARGET_COST,36769,0,True,"['age', 'gender']",,,,,,,DEEP_CONVERSION_WORTH,,"{'goal': 'GOAL_1DAY_PURCHASE_ROAS', 'expected_roi': 0.035}",,,,,,,,,,,,,41330,,720,{'page_id': 8260186},PAGE_TYPE_TSA_APP,[],,2000002794,PROMOTED_OBJECT_TYPE_APP_ANDROID,True,,,,,"{'image': 126721, 'bottom_text': '立即下载领神将', 'description': '《七雄争霸》终于出手游了，1：1还原页游经典，礼包码：QX888！', 'video': 126721, 'button_text': '下载游戏', 'title': '七雄页游原班打造，正版授权！', 'brand': {'brand_name': '七雄争霸', 'brand_img': 123609}}","224,226,227",2021-12-12,11699.21,243.0,0.020771,0.2051
10071,1001854,20813,1209770,0,2021-12-08 23:17:12,OPTIMIZATIONGOAL_APP_ACTIVATE,111111111111111111111111111111111111111111111111111111111111111111111111111111111111111111111111111111111111111111111111111111111111111111111111111111111111111111111111111111111111111111111111111111111111111111111111111111111111111111111111111111111111111111111111111111111111111111111111111111111111111111111111111111111111111111111111,BID_STRATEGY_TARGET_COST,35238,0,True,"['age', 'gender']",,,,,,,DEEP_CONVERSION_WORTH,,"{'goal': 'GOAL_1DAY_PURCHASE_ROAS', 'expected_roi': 0.035}",,,,,,,,,,,,,41402,,721,{'page_id': 8260186},PAGE_TYPE_TSA_APP,[],,2000002794,PROMOTED_OBJECT_TYPE_APP_ANDROID,True,,,,,"{'image': 127112, 'description': '开局选出生地，完美还原七雄页游，武将靠招募，登录送白起！', 'video': 127112, 'button_text': '下载游戏', 'title': '经典七雄争霸，武将全靠招！', 'brand': {'brand_name': '七雄争霸', 'brand_img': 123609}}","227,226",2021-12-12,11343.44,270.0,0.023802,0.2353
10071,1001854,20813,1209802,0,2021-12-08 23:17:12,OPTIMIZATIONGOAL_APP_ACTIVATE,111111111111111111111111111111111111111111111111111111111111111111111111111111111111111111111111111111111111111111111111111111111111111111111111111111111111111111111111111111111111111111111111111111111111111111111111111111111111111111111111111111111111111111111111111111111111111111111111111111111111111111111111111111111111111111111111,BID_STRATEGY_TARGET_COST,43855,0,True,"['age', 'gender']",,['NOT_INSTALLED'],['MALE'],"['HIGH', 'NORMAL']","[{'min': 18, 'max': 50}]",,DEEP_CONVERSION_WORTH,,"{'goal': 'GOAL_1DAY_PURCHASE_ROAS', 'expected_roi': 0.03}",,,,,,,,,['OPTIMIZATIONGOAL_APP_ACTIVATE'],EXCLUDED_DIMENSION_APP,,,40827,,720,{'page_id': 8260186},PAGE_TYPE_TSA_APP,[],,2000002794,PROMOTED_OBJECT_TYPE_APP_ANDROID,True,,,,,"{'image': 1975189, 'bottom_text': '立即下载领神将', 'description': '我玩三天就做州牧，同事玩一天就被俘虏，这游戏玩的就是策略！', 'video': 124495, 'button_text': '下载游戏', 'title': '七雄页游原班打造，正版授权！', 'brand': {'brand_name': '七雄争霸', 'brand_img': 123609}}","226,227,228,230",2021-12-12,29895.57,5198.0,0.173872,0.1622
10071,1001854,20813,1209745,0,2021-12-08 23:17:12,OPTIMIZATIONGOAL_APP_ACTIVATE,111111111111111111111111111111111111111111111111111111111111111111111111111111111111111111111111111111111111111111111111111111111111111111111111111111111111111111111111111111111111111111111111111111111111111111111111111111111111111111111111111111111111111111111111111111111111111111111111111111111111111111111111111111111111111111111111,BID_STRATEGY_TARGET_COST,49206,0,True,"['age', 'gender']",,['NOT_INSTALLED'],['MALE'],"['HIGH', 'NORMAL']","[{'min': 18, 'max': 50}]",,DEEP_CONVERSION_WORTH,,"{'goal': 'GOAL_1DAY_PURCHASE_ROAS', 'expected_roi': 0.035}",,,,,,,,,['OPTIMIZATIONGOAL_APP_ACTIVATE'],EXCLUDED_DIMENSION_APP,,,41060,,721,{'page_id': 8260186},PAGE_TYPE_TSA_APP,[],,2000002794,PROMOTED_OBJECT_TYPE_APP_ANDROID,True,,,,,"{'image': 125551, 'description': '《七雄争霸》终于出手游了，1：1还原页游经典，礼包码：QX888！', 'video': 125551, 'button_text': '下载游戏', 'title': '七雄页游原班打造，正版授权！', 'brand': {'brand_name': '七雄争霸', 'brand_img': 123609}}","224,226",2021-12-12,41946.01,1468.0,0.034997,0.1538
10071,1001854,20813,1209747,0,2021-12-08 23:17:12,OPTIMIZATIONGOAL_APP_ACTIVATE,111111111111111111111111111111111111111111111111111111111111111111111111111111111111111111111111111111111111111111111111111111111111111111111111111111111111111111111111111111111111111111111111111111111111111111111111111111111111111111111111111111111111111111111111111111111111111111111111111111111111111111111111111111111111111111111111,BID_STRATEGY_TARGET_COST,48829,0,True,"['age', 'gender']",,['NOT_INSTALLED'],['MALE'],"['HIGH', 'NORMAL']","[{'min': 18, 'max': 50}]",,DEEP_CONVERSION_WORTH,,"{'goal': 'GOAL_1DAY_PURCHASE_ROAS', 'expected_roi': 0.03}",,,,,,,,,['OPTIMIZATIONGOAL_APP_ACTIVATE'],EXCLUDED_DIMENSION_APP,,,40619,,721,{'page_id': 8260186},PAGE_TYPE_TSA_APP,[],,2000002794,PROMOTED_OBJECT_TYPE_APP_ANDROID,True,,,,,"{'image': 123505, 'description': '七雄福利版来袭！还原经典玩法，无需充值，限时福利码：QX888！', 'video': 123505, 'button_text': '下载游戏', 'title': '七雄页游原班打造，正版授权！', 'brand': {'brand_name': '七雄争霸', 'brand_img': 123609}}","224,226",2021-12-13,2131.2,221.0,0.103697,0.4
10072,1001854,20813,1209955,0,2021-12-08 23:42:12,OPTIMIZATIONGOAL_APP_ACTIVATE,111111111111111111111111111111111111111111111111111111111111111111111111111111111111111111111111111111111111111111111111111111111111111111111111111111111111111111111111111111111111111111111111111111111111111111111111111111111111111111111111111111111111111111111111111111111111111111111111111111111111111111111111111111111111111111111111,BID_STRATEGY_TARGET_COST,47856,0,True,"['age', 'gender']",,,,,,,DEEP_CONVERSION_WORTH,,"{'goal': 'GOAL_1DAY_PURCHASE_ROAS', 'expected_roi': 0.034}",,,,,,,,,,,,,41494,,711,{'page_id': 8260156},PAGE_TYPE_TSA_APP,"['SITE_SET_QQ_MUSIC_GAME', 'SITE_SET_KANDIAN', 'SITE_SET_TENCENT_NEWS', 'SITE_SET_TENCENT_VIDEO', 'SITE_SET_WECHAT']",,2000002794,PROMOTED_OBJECT_TYPE_APP_ANDROID,False,,,,,"{'image': 127591, 'head_line': '开局80万大军，你能一统七国吗', 'bottom_text': '立即下载领神将', 'description': '年度战国手游巨作，上线就送vip，首充送神将，神将免费送！', 'caption': '真正的排兵布阵，公测送限定武将！', 'left_bottom_txt': '1：1还原页游经典，老玩家已玩嗨！', 'button_text': '下载游戏', 'title': '高爆率SLG手游重磅上线', 'brand': {'brand_name': '七雄争霸', 'brand_img': 123609}}",,2021-12-09,2120.19,66.0,0.031129,0.6667
10072,1001854,20813,1217049,0,2021-12-11 17:31:13,OPTIMIZATIONGOAL_APP_ACTIVATE,111111111111111111111111111111111111111111111111111111111111111111111111111111111111111111111111111111111111111111111111111111111111111111111111111111111111111111111111111111111111111111111111111111111111111111111111111111111111111111111111111111111111111111111111111111111111111111111111111111111111111111111111111111111111111111111111,BID_STRATEGY_TARGET_COST,74211,0,True,"['age', 'gender']",,,,,,,DEEP_CONVERSION_WORTH,,"{'goal': 'GOAL_1DAY_PURCHASE_ROAS', 'expected_roi': 0.034}",,,,,,,,,,,,,41627,,711,{'page_id': 8260156},PAGE_TYPE_TSA_APP,"['SITE_SET_QQ_MUSIC_GAME', 'SITE_SET_KANDIAN', 'SITE_SET_TENCENT_NEWS', 'SITE_SET_TENCENT_VIDEO', 'SITE_SET_MOBILE_UNION', 'SITE_SET_WECHAT']",,2000002794,PROMOTED_OBJECT_TYPE_APP_ANDROID,False,,,,,"{'image': 128225, 'head_line': '七雄页游原班打造，正版授权！', 'bottom_text': '立即下载领神将', 'description': '苦等11年！七雄终于出手游！五大兵种108位武将，还原真实战场！', 'caption': '真正的排兵布阵，公测送限定武将！', 'left_bottom_txt': '输入礼包码：QX888，登录就送嬴政', 'button_text': '下载游戏', 'title': '高爆率SLG手游重磅上线', 'brand': {'brand_name': '七雄争霸', 'brand_img': 123609}}",,2021-12-13,8398.62,273.0,0.032505,0.2581
10072,1001854,20813,1217037,0,2021-12-11 17:31:13,OPTIMIZATIONGOAL_APP_ACTIVATE,111111111111111111111111111111111111111111111111111111111111111111111111111111111111111111111111111111111111111111111111111111111111111111111111111111111111111111111111111111111111111111111111111111111111111111111111111111111111111111111111111111111111111111111111111111111111111111111111111111111111111111111111111111111111111111111111,BID_STRATEGY_TARGET_COST,68252,0,True,"['age', 'gender']",,['NOT_INSTALLED'],['MALE'],"['HIGH', 'NORMAL']","[{'min': 18, 'max': 55}]",,DEEP_CONVERSION_WORTH,,"{'goal': 'GOAL_1DAY_PURCHASE_ROAS', 'expected_roi': 0.038}",,,,,,,,,['OPTIMIZATIONGOAL_APP_ACTIVATE'],EXCLUDED_DIMENSION_APP,,,41581,,711,{'page_id': 8260156},PAGE_TYPE_TSA_APP,"['SITE_SET_QQ_MUSIC_GAME', 'SITE_SET_KANDIAN', 'SITE_SET_TENCENT_NEWS', 'SITE_SET_TENCENT_VIDEO', 'SITE_SET_MOBILE_UNION', 'SITE_SET_WECHAT']",,2000002794,PROMOTED_OBJECT_TYPE_APP_ANDROID,False,,,,,"{'image': 127996, 'head_line': '七雄页游原班打造，正版授权！', 'bottom_text': '立即下载领神将', 'description': '口碑炸裂！经典七雄争霸回归，真正的排兵布阵，公测送限定武将！', 'caption': '真正的排兵布阵，公测送限定武将！', 'left_bottom_txt': '输入礼包码：QX888，登录就送嬴政', 'button_text': '下载游戏', 'title': '高爆率SLG手游重磅上线', 'brand': {'brand_name': '七雄争霸', 'brand_img': 123609}}",,2021-12-13,1172.3,49.0,0.041798,0.1333
10073,1001854,20813,1209739,0,2021-12-08 23:17:12,OPTIMIZATIONGOAL_APP_ACTIVATE,111111111111111111111111111111111111111111111111111111111111111111111111111111111111111111111111111111111111111111111111111111111111111111111111111111111111111111111111111111111111111111111111111111111111111111111111111111111111111111111111111111111111111111111111111111111111111111111111111111111111111111111111111111111111111111111111,BID_STRATEGY_TARGET_COST,34388,0,True,"['age', 'gender']",,,,,,,DEEP_CONVERSION_WORTH,,"{'goal': 'GOAL_1DAY_PURCHASE_ROAS', 'expected_roi': 0.03}",,,,,,,,,,,,,40827,,720,{'page_id': 8260129},PAGE_TYPE_TSA_APP,[],,2000002794,PROMOTED_OBJECT_TYPE_APP_ANDROID,True,,,,,"{'image': 1975189, 'bottom_text': '立即下载领神将', 'description': '我玩三天就做州牧，同事玩一天就被俘虏，这游戏玩的就是策略！', 'video': 124495, 'button_text': '下载游戏', 'title': '七雄页游原班打造，正版授权！', 'brand': {'brand_name': '七雄争霸', 'brand_img': 123609}}","226,227,228,230",2021-12-12,1096.99,88.0,0.08022,0.1667
10073,1001854,20813,1209753,0,2021-12-08 23:17:12,OPTIMIZATIONGOAL_APP_ACTIVATE,111111111111111111111111111111111111111111111111111111111111111111111111111111111111111111111111111111111111111111111111111111111111111111111111111111111111111111111111111111111111111111111111111111111111111111111111111111111111111111111111111111111111111111111111111111111111111111111111111111111111111111111111111111111111111111111111,BID_STRATEGY_TARGET_COST,54237,0,True,"['age', 'gender']",,,,,,,DEEP_CONVERSION_WORTH,,"{'goal': 'GOAL_1DAY_PURCHASE_ROAS', 'expected_roi': 0.034}",,,,,,,,,,,,,40619,,721,{'page_id': 8260129},PAGE_TYPE_TSA_APP,[],,2000002794,PROMOTED_OBJECT_TYPE_APP_ANDROID,True,,,,,"{'image': 123505, 'description': '七雄福利版来袭！还原经典玩法，无需充值，限时福利码：QX888！', 'video': 123505, 'button_text': '下载游戏', 'title': '七雄页游原班打造，正版授权！', 'brand': {'brand_name': '七雄争霸', 'brand_img': 123609}}","224,226",2021-12-13,4050.52,183.0,0.045179,0.2
10073,1001854,20813,1209922,0,2021-12-08 23:42:12,OPTIMIZATIONGOAL_APP_ACTIVATE,111111111111111111111111111111111111111111111111111111111111111111111111111111111111111111111111111111111111111111111111111111111111111111111111111111111111111111111111111111111111111111111111111111111111111111111111111111111111111111111111111111111111111111111111111111111111111111111111111111111111111111111111111111111111111111111111,BID_STRATEGY_TARGET_COST,59665,0,True,"['age', 'gender']",,,,,,,DEEP_CONVERSION_WORTH,,"{'goal': 'GOAL_1DAY_PURCHASE_ROAS', 'expected_roi': 0.034}",,,,,,,,,,,,,41495,,711,{'page_id': 8260132},PAGE_TYPE_TSA_APP,"['SITE_SET_QQ_MUSIC_GAME', 'SITE_SET_KANDIAN', 'SITE_SET_TENCENT_NEWS', 'SITE_SET_TENCENT_VIDEO', 'SITE_SET_WECHAT']",,2000002794,PROMOTED_OBJECT_TYPE_APP_ANDROID,False,,,,,"{'image': 127592, 'head_line': '开局80万大军，你能一统七国吗', 'bottom_text': '立即下载领神将', 'description': '7大国，5大兵种，伐木、采矿、建城、招兵、打仗都是乐趣！', 'caption': '真正的排兵布阵，公测送限定武将！', 'left_bottom_txt': '1：1还原页游经典，老玩家已玩嗨！', 'button_text': '下载游戏', 'title': '我玩了7天收服了3座城池', 'brand': {'brand_name': '七雄争霸', 'brand_img': 123609}}",,2021-12-09,4354.55,295.0,0.067745,0.25
10073,1001854,20813,1217061,0,2021-12-11 17:31:13,OPTIMIZATIONGOAL_APP_ACTIVATE,111111111111111111111111111111111111111111111111111111111111111111111111111111111111111111111111111111111111111111111111111111111111111111111111111111111111111111111111111111111111111111111111111111111111111111111111111111111111111111111111111111111111111111111111111111111111111111111111111111111111111111111111111111111111111111111111,BID_STRATEGY_TARGET_COST,84816,0,True,"['age', 'gender']",,,,,,,DEEP_CONVERSION_WORTH,,"{'goal': 'GOAL_1DAY_PURCHASE_ROAS', 'expected_roi': 0.036}",,,,,,,,,,,,,41627,,711,{'page_id': 8260132},PAGE_TYPE_TSA_APP,"['SITE_SET_QQ_MUSIC_GAME', 'SITE_SET_KANDIAN', 'SITE_SET_TENCENT_NEWS', 'SITE_SET_TENCENT_VIDEO', 'SITE_SET_MOBILE_UNION', 'SITE_SET_WECHAT']",,2000002794,PROMOTED_OBJECT_TYPE_APP_ANDROID,False,,,,,"{'image': 128225, 'head_line': '七雄页游原班打造，正版授权！', 'bottom_text': '立即下载领神将', 'description': '苦等11年！七雄终于出手游！五大兵种108位武将，还原真实战场！', 'caption': '真正的排兵布阵，公测送限定武将！', 'left_bottom_txt': '输入礼包码：QX888，登录就送嬴政', 'button_text': '下载游戏', 'title': '高爆率SLG手游重磅上线', 'brand': {'brand_name': '七雄争霸', 'brand_img': 123609}}",,2021-12-12,6478.16,201.0,0.031027,0.1569
9562,1001854,21206,1205263,0,2021-12-07 11:42:16,OPTIMIZATIONGOAL_APP_ACTIVATE,111111111111111111111111111111111111111111111111111111111111111111111111111111111111111111111111111111111111111111111111111111111111111111111111111111111111111111111111111111111111111111111111111111111111111111111111111111111111111111111111111111111111111111111111111111111111111111111111111111111111111111111111111111111111111111111111,BID_STRATEGY_TARGET_COST,269244,0,True,"['age', 'gender']",,,,,"[{'min': 21, 'max': 48}]",,DEEP_CONVERSION_WORTH,,"{'goal': 'GOAL_1DAY_PURCHASE_ROAS', 'expected_roi': 0.036}",,,,,,,,,,,,,41060,,721,,PAGE_TYPE_DEFAULT,"['SITE_SET_QQ_MUSIC_GAME', 'SITE_SET_KANDIAN', 'SITE_SET_TENCENT_NEWS', 'SITE_SET_TENCENT_VIDEO']",,2000002794,PROMOTED_OBJECT_TYPE_APP_ANDROID,False,,,,,"{'image': 125551, 'description': '《七雄争霸》终于出手游了，1：1还原页游经典，老玩家已玩嗨！', 'video': 125551, 'button_text': '下载游戏', 'title': '《七雄争霸》页游正版授权', 'brand': {'brand_name': '七雄争霸Ⅱ', 'brand_img': 123609}}","224,226",2021-12-07,2692.62,85.0,0.031568,0.125
9563,1001854,21206,1207859,0,2021-12-08 11:10:21,OPTIMIZATIONGOAL_APP_ACTIVATE,111111111111111111111111111111111111111111111111111111111111111111111111111111111111111111111111111111111111111111111111111111111111111111111111111111111111111111111111111111111111111111111111111111111111111111111111111111111111111111111111111111111111111111111111111111111111111111111111111111111111111111111111111111111111111111111111,BID_STRATEGY_TARGET_COST,252355,0,True,"['gender', 'age']",,,,,"[{'min': 21, 'max': 48}]",,DEEP_CONVERSION_WORTH,,"{'goal': 'GOAL_1DAY_PURCHASE_ROAS', 'expected_roi': 0.036}",,,,,,,,,,,,,41041,,721,,PAGE_TYPE_DEFAULT,"['SITE_SET_QQ_MUSIC_GAME', 'SITE_SET_KANDIAN', 'SITE_SET_TENCENT_NEWS', 'SITE_SET_TENCENT_VIDEO']",,2000002794,PROMOTED_OBJECT_TYPE_APP_ANDROID,False,,,,,"{'image': 125579, 'description': '苦等11年！原版人马历时2年打造，原汁原味！七雄手游版来啦！', 'video': 125579, 'button_text': '下载游戏', 'title': '《七雄争霸》1：1还原页游经典', 'brand': {'brand_name': '七雄争霸', 'brand_img': 123609}}","224,227,229",2021-12-08,975.56,24.0,0.024601,0.3333
9563,1001854,21206,1216705,0,2021-12-11 09:15:07,OPTIMIZATIONGOAL_APP_ACTIVATE,111111111111111111111111111111111111111111111111111111111111111111111111111111111111111111111111111111111111111111111111111111111111111111111111111111111111111111111111111111111111111111111111111111111111111111111111111111111111111111111111111111111111111111111111111111111111111111111111111111111111111111111111111111111111111111111111,BID_STRATEGY_TARGET_COST,260458,0,True,"['age', 'gender']",,,,,"[{'min': 21, 'max': 48}]",,DEEP_CONVERSION_WORTH,,"{'goal': 'GOAL_1DAY_PURCHASE_ROAS', 'expected_roi': 0.036}",,,,,,,,,,,,,41290,,721,,PAGE_TYPE_DEFAULT,"['SITE_SET_QQ_MUSIC_GAME', 'SITE_SET_KANDIAN', 'SITE_SET_TENCENT_NEWS', 'SITE_SET_TENCENT_VIDEO']",,2000002794,PROMOTED_OBJECT_TYPE_APP_ANDROID,False,,,,,"{'image': 126538, 'description': '我玩了一天就做州牧，同事玩了3分钟就被俘虏，这游戏就靠策略！', 'video': 126538, 'button_text': '下载游戏', 'title': '烧脑策略手游，同事一天被俘虏', 'brand': {'brand_name': '七雄争霸', 'brand_img': 123609}}","224,225,226",2021-12-11,703.73,54.0,0.076734,1.0
9563,1001854,21206,1216702,0,2021-12-11 09:15:07,OPTIMIZATIONGOAL_APP_ACTIVATE,111111111111111111111111111111111111111111111111111111111111111111111111111111111111111111111111111111111111111111111111111111111111111111111111111111111111111111111111111111111111111111111111111111111111111111111111111111111111111111111111111111111111111111111111111111111111111111111111111111111111111111111111111111111111111111111111,BID_STRATEGY_TARGET_COST,255538,0,True,"['age', 'gender']",,,,,"[{'min': 21, 'max': 48}]",,DEEP_CONVERSION_WORTH,,"{'goal': 'GOAL_1DAY_PURCHASE_ROAS', 'expected_roi': 0.036}",,,,,,,,,,,,,41218,,721,,PAGE_TYPE_DEFAULT,"['SITE_SET_QQ_MUSIC_GAME', 'SITE_SET_KANDIAN', 'SITE_SET_TENCENT_NEWS', 'SITE_SET_TENCENT_VIDEO']",,2000002794,PROMOTED_OBJECT_TYPE_APP_ANDROID,False,,,,,"{'image': 126287, 'description': '七雄福利版来袭！还原经典玩法，无需充值，限时福利码：QX888！', 'video': 126287, 'button_text': '下载游戏', 'title': '七雄页游原班打造，正版授权！', 'brand': {'brand_name': '七雄争霸', 'brand_img': 123609}}","224,226,229",2021-12-11,1502.1,104.0,0.069236,0.5
9564,1001854,21206,1207857,0,2021-12-08 11:10:21,OPTIMIZATIONGOAL_APP_ACTIVATE,111111111111111111111111111111111111111111111111111111111111111111111111111111111111111111111111111111111111111111111111111111111111111111111111111111111111111111111111111111111111111111111111111111111111111111111111111111111111111111111111111111111111111111111111111111111111111111111111111111111111111111111111111111111111111111111111,BID_STRATEGY_TARGET_COST,272836,0,False,[],,,,,"[{'min': 21, 'max': 48}]",,DEEP_CONVERSION_WORTH,,"{'goal': 'GOAL_1DAY_PURCHASE_ROAS', 'expected_roi': 0.036}",,,,,,,,,,,,,41041,,721,,PAGE_TYPE_DEFAULT,"['SITE_SET_QQ_MUSIC_GAME', 'SITE_SET_KANDIAN', 'SITE_SET_TENCENT_NEWS', 'SITE_SET_TENCENT_VIDEO']",,2000002794,PROMOTED_OBJECT_TYPE_APP_ANDROID,False,,,,,"{'image': 125579, 'description': '《七雄争霸》公测预约现已火热开启！预约礼包码：QX888', 'video': 125579, 'button_text': '立即下载', 'title': '荒漠开局，你能一统六国吗？', 'brand': {'brand_name': '七雄争霸', 'brand_img': 123609}}","224,227,229",2021-12-08,601.59,48.0,0.079789,0.5
9564,1001854,21206,1207862,0,2021-12-08 11:10:23,OPTIMIZATIONGOAL_APP_ACTIVATE,111111111111111111111111111111111111111111111111111111111111111111111111111111111111111111111111111111111111111111111111111111111111111111111111111111111111111111111111111111111111111111111111111111111111111111111111111111111111111111111111111111111111111111111111111111111111111111111111111111111111111111111111111111111111111111111111,BID_STRATEGY_TARGET_COST,253688,0,True,"['gender', 'age']",,,,,"[{'min': 21, 'max': 48}]",,DEEP_CONVERSION_WORTH,,"{'goal': 'GOAL_1DAY_PURCHASE_ROAS', 'expected_roi': 0.036}",,,,,,,,,,,,,41095,,721,,PAGE_TYPE_DEFAULT,"['SITE_SET_QQ_MUSIC_GAME', 'SITE_SET_KANDIAN', 'SITE_SET_TENCENT_NEWS', 'SITE_SET_TENCENT_VIDEO']",,2000002794,PROMOTED_OBJECT_TYPE_APP_ANDROID,False,,,,,"{'image': 125674, 'description': '《七雄争霸》终于出手游了，1：1还原页游经典，老玩家已玩嗨！', 'video': 125674, 'button_text': '下载游戏', 'title': '七雄页游原班打造，正版授权！', 'brand': {'brand_name': '七雄争霸', 'brand_img': 123609}}","224,225,226",2021-12-08,865.61,123.0,0.142096,0.25
9565,1001854,21206,1205273,0,2021-12-07 11:42:32,OPTIMIZATIONGOAL_APP_ACTIVATE,111111111111111111111111111111111111111111111111111111111111111111111111111111111111111111111111111111111111111111111111111111111111111111111111111111111111111111111111111111111111111111111111111111111111111111111111111111111111111111111111111111111111111111111111111111111111111111111111111111111111111111111111111111111111111111111111,BID_STRATEGY_TARGET_COST,275664,0,True,"['age', 'gender']",,,,,"[{'min': 21, 'max': 48}]",,DEEP_CONVERSION_WORTH,,"{'goal': 'GOAL_1DAY_PURCHASE_ROAS', 'expected_roi': 0.036}",,,,,,,,,,,,,41060,,721,,PAGE_TYPE_DEFAULT,"['SITE_SET_QQ_MUSIC_GAME', 'SITE_SET_KANDIAN', 'SITE_SET_TENCENT_NEWS', 'SITE_SET_TENCENT_VIDEO']",,2000002794,PROMOTED_OBJECT_TYPE_APP_ANDROID,False,,,,,"{'image': 125551, 'description': '经典七雄争霸回归，真正的排兵布阵，公测送限定武将！', 'video': 125551, 'button_text': '立即下载', 'title': '开局80万大军，你能一统七国吗', 'brand': {'brand_name': '七雄争霸', 'brand_img': 123609}}","224,226",2021-12-09,2658.65,214.0,0.080492,0.2222
9565,1001854,21206,1216707,0,2021-12-11 09:15:07,OPTIMIZATIONGOAL_APP_ACTIVATE,111111111111111111111111111111111111111111111111111111111111111111111111111111111111111111111111111111111111111111111111111111111111111111111111111111111111111111111111111111111111111111111111111111111111111111111111111111111111111111111111111111111111111111111111111111111111111111111111111111111111111111111111111111111111111111111111,BID_STRATEGY_TARGET_COST,274898,0,True,"['gender', 'age']",,,,,"[{'min': 21, 'max': 48}]",,DEEP_CONVERSION_WORTH,,"{'goal': 'GOAL_1DAY_PURCHASE_ROAS', 'expected_roi': 0.036}",,,,,,,,,,,,,41060,,721,,PAGE_TYPE_DEFAULT,"['SITE_SET_QQ_MUSIC_GAME', 'SITE_SET_KANDIAN', 'SITE_SET_TENCENT_NEWS', 'SITE_SET_TENCENT_VIDEO']",,2000002794,PROMOTED_OBJECT_TYPE_APP_ANDROID,False,,,,,"{'image': 125551, 'description': '苦等11年！原版人马历时2年打造，原汁原味！七雄手游版来啦！', 'video': 125551, 'button_text': '下载游戏', 'title': '《七雄争霸》1：1还原页游经典', 'brand': {'brand_name': '七雄争霸', 'brand_img': 123609}}","224,226",2021-12-11,2414.89,229.0,0.094828,0.1667
8228,1001854,21378,1201528,1,2021-12-06 11:19:10,OPTIMIZATIONGOAL_APP_ACTIVATE,111111111111111111111111111111111111111111111111111111111111111111111111111111111111111111111111111111111111111111111111111111111111111111111111111111111111111111111111111111111111111111111111111111111111111111111111111111111111111111111111111111111111111111111111111111111111111111111111111111111111111111111111111111111111111111111111,BID_STRATEGY_TARGET_COST,434891,99999900,True,"['age', 'gender']",,,,,,,DEEP_CONVERSION_WORTH,,"{'goal': 'GOAL_1DAY_PURCHASE_ROAS', 'expected_roi': 0.035}",,,,,,,,,,,,,41217,,721,{'page_id': 6984705},PAGE_TYPE_TSA_APP,"['SITE_SET_QQ_MUSIC_GAME', 'SITE_SET_KANDIAN', 'SITE_SET_TENCENT_NEWS', 'SITE_SET_TENCENT_VIDEO']",,2000002794,PROMOTED_OBJECT_TYPE_APP_ANDROID,False,,,,,"{'image': 126286, 'description': '经典七雄争霸回归，真正的排兵布阵，公测送限定武将！', 'video': 126286, 'button_text': '立即下载', 'title': '开局80万大军，你能一统七国吗', 'brand': {'brand_name': '七雄争霸', 'brand_img': 123609}}","224,226,229",2021-12-06,617.8,49.0,0.079314,0.5
9547,1001854,21378,1199048,0,2021-12-03 19:44:15,OPTIMIZATIONGOAL_APP_ACTIVATE,111111111111111111111111111111111111111111111111111111111111111111111111111111111111111111111111111111111111111111111111111111111111111111111111111111111111111111111111111111111111111111111111111111111111111111111111111111111111111111111111111111111111111111111111111111111111111111111111111111111111111111111111111111111111111111111111,BID_STRATEGY_TARGET_COST,306198,0,True,"['age', 'gender']",,,,,,,DEEP_CONVERSION_WORTH,,"{'goal': 'GOAL_1DAY_PURCHASE_ROAS', 'expected_roi': 0.032}",,,,,,,,,,,,,41041,,721,{'page_id': 7249810},PAGE_TYPE_TSA_APP,"['SITE_SET_QQ_MUSIC_GAME', 'SITE_SET_KANDIAN', 'SITE_SET_TENCENT_NEWS', 'SITE_SET_TENCENT_VIDEO']",,2000002794,PROMOTED_OBJECT_TYPE_APP_ANDROID,False,,,,,"{'image': 125579, 'description': '《七雄争霸》公测预约现已火热开启！预约礼包码：QX888', 'video': 125579, 'button_text': '立即下载', 'title': '荒漠开局，你能一统六国吗？', 'brand': {'brand_name': '七雄争霸', 'brand_img': 123609}}","224,227,229",2021-12-06,936.2,100.0,0.106815,0.25
9547,1001854,21378,1207037,0,2021-12-07 18:32:18,OPTIMIZATIONGOAL_APP_ACTIVATE,111111111111111111111111111111111111111111111111111111111111111111111111111111111111111111111111111111111111111111111111111111111111111111111111111111111111111111111111111111111111111111111111111111111111111111111111111111111111111111111111111111111111111111111111111111111111111111111111111111111111111111111111111111111111111111111111,BID_STRATEGY_TARGET_COST,284499,0,True,"['age', 'gender']",,,,,,,DEEP_CONVERSION_WORTH,,"{'goal': 'GOAL_1DAY_PURCHASE_ROAS', 'expected_roi': 0.04}",,,,,,,,,,,,,40581,,721,{'page_id': 7249808},PAGE_TYPE_TSA_APP,[],,2000002794,PROMOTED_OBJECT_TYPE_APP_ANDROID,True,,,,,"{'image': 125531, 'description': '开局只是一座荒地，3天建造八十万大军，7天一统七国', 'video': 125531, 'button_text': '立即下载', 'title': '开局80万大军，你能一统七国吗', 'brand': {'brand_name': '七雄争霸', 'brand_img': 123609}}","224,225",2021-12-08,1068.78,31.0,0.029005,0.3333
9547,1001854,21378,1207038,1,2021-12-07 18:32:18,OPTIMIZATIONGOAL_APP_ACTIVATE,111111111111111111111111111111111111111111111111111111111111111111111111111111111111111111111111111111111111111111111111111111111111111111111111111111111111111111111111111111111111111111111111111111111111111111111111111111111111111111111111111111111111111111111111111111111111111111111111111111111111111111111111111111111111111111111111,BID_STRATEGY_TARGET_COST,238902,999900,True,"['age', 'gender']",,,,,,,DEEP_CONVERSION_WORTH,,"{'goal': 'GOAL_1DAY_PURCHASE_ROAS', 'expected_roi': 0.04}",,,,,,,,,,,,,41031,,720,{'page_id': 7249808},PAGE_TYPE_TSA_APP,[],,2000002794,PROMOTED_OBJECT_TYPE_APP_ANDROID,True,,,,,"{'image': 125431, 'bottom_text': '上线即送神将', 'description': '经典七雄争霸火爆回归，排列兵种阵型，横扫六合八荒！', 'video': 125431, 'button_text': '立即下载', 'title': '开局80万大军，你能一统七国吗', 'brand': {'brand_name': '七雄争霸', 'brand_img': 123609}}","230,231,232",2021-12-08,2201.76,72.0,0.032701,0.5714
9547,1001854,21378,1207039,1,2021-12-07 18:32:18,OPTIMIZATIONGOAL_APP_ACTIVATE,111111111111111111111111111111111111111111111111111111111111111111111111111111111111111111111111111111111111111111111111111111111111111111111111111111111111111111111111111111111111111111111111111111111111111111111111111111111111111111111111111111111111111111111111111111111111111111111111111111111111111111111111111111111111111111111111,BID_STRATEGY_TARGET_COST,271609,999900,True,"['age', 'gender']",,,,,,,DEEP_CONVERSION_WORTH,,"{'goal': 'GOAL_1DAY_PURCHASE_ROAS', 'expected_roi': 0.04}",,,,,,,,,,,,,40601,,720,{'page_id': 7249808},PAGE_TYPE_TSA_APP,[],,2000002794,PROMOTED_OBJECT_TYPE_APP_ANDROID,True,,,,,"{'image': 126270, 'bottom_text': '上线即送神将', 'description': '8090后集体沦陷，苦等13年！《七雄争霸》正版手游终于公测！', 'video': 126270, 'button_text': '立即下载', 'title': '开局80万大军，你能一统七国吗', 'brand': {'brand_name': '七雄争霸', 'brand_img': 123609}}","224,225,227",2021-12-07,317.09,55.0,0.173452,1.0
9907,1001854,21378,1199635,1,2021-12-03 21:29:13,OPTIMIZATIONGOAL_APP_ACTIVATE,111111111111111111111111111111111111111111111111111111111111111111111111111111111111111111111111111111111111111111111111111111111111111111111111111111111111111111111111111111111111111111111111111111111111111111111111111111111111111111111111111111111111111111111111111111111111111111111111111111111111111111111111111111111111111111111111,BID_STRATEGY_TARGET_COST,295924,99999900,True,"['age', 'gender']",,,,,,,DEEP_CONVERSION_WORTH,,"{'goal': 'GOAL_1DAY_PURCHASE_ROAS', 'expected_roi': 0.035}",,,,,,,,,,,,,41210,,720,{'page_id': 8070584},PAGE_TYPE_TSA_APP,"['SITE_SET_QQ_MUSIC_GAME', 'SITE_SET_KANDIAN', 'SITE_SET_TENCENT_NEWS', 'SITE_SET_TENCENT_VIDEO']",,2000002794,PROMOTED_OBJECT_TYPE_APP_ANDROID,False,,,,,"{'image': 126271, 'bottom_text': '上线即送神将', 'description': '经典七雄争霸回归，真正的排兵布阵，公测送限定武将！', 'video': 126271, 'button_text': '立即下载', 'title': '新人礼包码：QX888', 'brand': {'brand_name': '七雄争霸', 'brand_img': 123609}}","231,227",2021-12-06,844.6,25.0,0.0296,0.5
9908,1001854,21378,1199518,1,2021-12-03 21:28:47,OPTIMIZATIONGOAL_APP_ACTIVATE,111111111111111111111111111111111111111111111111111111111111111111111111111111111111111111111111111111111111111111111111111111111111111111111111111111111111111111111111111111111111111111111111111111111111111111111111111111111111111111111111111111111111111111111111111111111111111111111111111111111111111111111111111111111111111111111111,BID_STRATEGY_TARGET_COST,344494,99999900,True,"['age', 'gender']",,,,,,,DEEP_CONVERSION_WORTH,,"{'goal': 'GOAL_1DAY_PURCHASE_ROAS', 'expected_roi': 0.035}",,,,,,,,,,,,,40829,,720,{'page_id': 8070573},PAGE_TYPE_TSA_APP,"['SITE_SET_QQ_MUSIC_GAME', 'SITE_SET_KANDIAN', 'SITE_SET_TENCENT_NEWS', 'SITE_SET_TENCENT_VIDEO']",,2000002794,PROMOTED_OBJECT_TYPE_APP_ANDROID,False,,,,,"{'image': 124539, 'bottom_text': '上线即送神将', 'description': '经典七雄争霸回归，真正的排兵布阵，公测送限定武将！', 'video': 124539, 'button_text': '立即下载', 'title': '新人礼包码：QX888', 'brand': {'brand_name': '七雄争霸', 'brand_img': 123609}}","226,227,224,225",2021-12-05,2578.12,96.0,0.037236,0.5
