ad_account_id_x,game_id,channel_id,source_id,budget_mode,create_time,optimization_goal,time_series,bid_strategy,bid_amount,daily_budget,expand_enabled,expand_targeting,device_price,app_install_status,gender,game_consumption_level,age,custom_audience,excluded_custom_audience,network_type,deep_conversion_type,deep_conversion_behavior_spec,deep_conversion_worth_spec,intention_targeting_tags,interest_category_id_list,interest_keyword_list,behavior_category_id_list,behavior_intensity,behavior_keyword_list,behavior_scene,behavior_time_window,conversion_behavior_list,excluded_dimension,location_types,regions,image_id,deep_link_url,adcreative_template_id,page_spec,page_type,site_set,label,promoted_object_id,promoted_object_type,automatic_site_enabled,link_name_type,link_page_type,profile_id,link_page_spec,adcreative_elements,label_ids,ad_account_id_y,tdate,amount,new_role_money,roi,pay_rate,manager_id
8526,1001991,21212,1491174,0,2022-06-21 10:28:32,OPTIMIZATIONGOAL_APP_ACTIVATE,111111111111111111111111111111111111111111111111111111111111111111111111111111111111111111111111111111111111111111111111111111111111111111111111111111111111110000111111111111111111111111111111111111111111111111111111111111111111111111111111111111111111111111111111111111111111111111111111111111111111111111111111111111111111111111111111,BID_STRATEGY_AVERAGE_COST,53328,0,True,['age'],,,,['HIGH'],"[{'min': 24, 'max': 66}]",,,,DEEP_CONVERSION_WORTH,,"{'goal': 'GOAL_1DAY_PURCHASE_ROAS', 'expected_roi': 0.01}",,,,,,,,,,,,,47078,,720,,PAGE_TYPE_DEFAULT,"['SITE_SET_QQ_MUSIC_GAME', 'SITE_SET_KANDIAN', 'SITE_SET_TENCENT_NEWS', 'SITE_SET_TENCENT_VIDEO', 'SITE_SET_MOBILE_UNION']",,2000005658,PROMOTED_OBJECT_TYPE_APP_ANDROID,False,,,,,"{'image': 148180, 'description': '智商149卡在了39关，这款游戏太烧脑，你能过几关？', 'video': 148180, 'button_text': '立即下载', 'brand': {'brand_name': '迷城起源', 'brand_img': 141595}}",27,8526,2022-06-25,9753.19,166.0,0.01702,0.0541,13333
8486,1001841,21387,1491738,0,2022-06-21 20:31:32,OPTIMIZATIONGOAL_APP_PURCHASE,111111111111111111111111111111111111111111111111111111111111111111111111111111111111111111111111111111111111111111111111111111111111111111111111111111111111111111111111111111111111111111111111111111111111111111111111111111111111111111111111111111111111111111111111111111111111111111111111111111111111111111111111111111111111111111111111,BID_STRATEGY_AVERAGE_COST,49394,0,True,"['age', 'gender']",,,['MALE'],['HIGH'],"[{'min': 22, 'max': 48}]",,,,,,,,,,,,,,,,,,,47177,,720,{'page_id': 38312761},PAGE_TYPE_TSA_APP,"['SITE_SET_QQ_MUSIC_GAME', 'SITE_SET_KANDIAN', 'SITE_SET_TENCENT_NEWS', 'SITE_SET_TENCENT_VIDEO']",,2000002049,PROMOTED_OBJECT_TYPE_APP_ANDROID,False,,,,,"{'image': 148429, 'description': '智商149卡在了39关，这款游戏太烧脑，你能过几关？', 'video': 148429, 'button_text': '立即下载', 'brand': {'brand_name': '迷城起源-建桥大师', 'brand_img': 146334}}","277,301",8486,2022-06-24,2064.41,30.0,0.014532,0.0152,13765
8526,1001991,21212,1492748,0,2022-06-23 10:09:03,OPTIMIZATIONGOAL_APP_ACTIVATE,111111111111111111111111111111111111111111111111111111111111111111111111111111111111111111111111111111111111111111111111111111111111111111111111111111111111110000111111111111111111111111111111111111111111111111111111111111111111111111111111111111111111111111111111111111111111111111111111111111111111111111111111111111111111111111111111,BID_STRATEGY_AVERAGE_COST,65510,0,False,[],,,['MALE'],"['HIGH', 'NORMAL']","[{'min': 24, 'max': 66}]",,,,DEEP_CONVERSION_WORTH,,"{'goal': 'GOAL_1DAY_PURCHASE_ROAS', 'expected_roi': 0.01}",,,,,,,,,,,,,44944,,720,,PAGE_TYPE_DEFAULT,"['SITE_SET_QQ_MUSIC_GAME', 'SITE_SET_KANDIAN', 'SITE_SET_TENCENT_NEWS', 'SITE_SET_TENCENT_VIDEO', 'SITE_SET_MOBILE_UNION']",,2000005658,PROMOTED_OBJECT_TYPE_APP_ANDROID,False,,,,,"{'image': 144153, 'description': '智商149卡在了39关，这款游戏太烧脑，你能过几关？', 'video': 144153, 'button_text': '立即下载', 'brand': {'brand_name': '迷城起源', 'brand_img': 141595}}",27,8526,2022-06-24,2667.64,226.0,0.084719,0.1667,13333
12035,1001991,6867,1492987,0,2022-06-23 11:05:03,OPTIMIZATIONGOAL_APP_ACTIVATE,111111111111111111111111111111111111111111111111111111111111111111111111111111111111111111111111111111111111111111111111111111111111111111111111111111111111111111111111111111111111111111111111111111111111111111111111111111111111111111111111111111111111111111111111111111111111111111111111111111111111111111111111111111111111111111111111,BID_STRATEGY_AVERAGE_COST,75641,0,True,"['age', 'gender']",,['NOT_INSTALLED'],['MALE'],"['HIGH', 'NORMAL']","[{'min': 24, 'max': 55}]",,,,DEEP_CONVERSION_WORTH,,"{'goal': 'GOAL_1DAY_PURCHASE_ROAS', 'expected_roi': 0.015}",,,,,,,,,,,,,47274,,720,{'page_id': 46455735},PAGE_TYPE_XIJING_QUICK,"['SITE_SET_QQ_MUSIC_GAME', 'SITE_SET_KANDIAN', 'SITE_SET_TENCENT_NEWS', 'SITE_SET_TENCENT_VIDEO']",,2000005658,PROMOTED_OBJECT_TYPE_APP_ANDROID,False,,,,,"{'image': 148638, 'description': '休闲又魔性，能过这关是人才！', 'video': 148638, 'button_text': '立即下载', 'brand': {'brand_name': '迷城起源', 'brand_img': 141598}}",277,12035,2022-06-24,366.9,30.0,0.081766,1.0,12045
12035,1001991,6867,1493001,0,2022-06-23 11:05:03,OPTIMIZATIONGOAL_APP_ACTIVATE,111111111111111111111111111111111111111111111111111111111111111111111111111111111111111111111111111111111111111111111111111111111111111111111111111111111111111111111111111111111111111111111111111111111111111111111111111111111111111111111111111111111111111111111111111111111111111111111111111111111111111111111111111111111111111111111111,BID_STRATEGY_AVERAGE_COST,67360,0,True,"['age', 'gender']",,['NOT_INSTALLED'],['MALE'],"['HIGH', 'NORMAL']","[{'min': 24, 'max': 55}]",,,,DEEP_CONVERSION_WORTH,,"{'goal': 'GOAL_1DAY_PURCHASE_ROAS', 'expected_roi': 0.015}",,,,,,,,,,,,,47219,,721,{'page_id': 46455735},PAGE_TYPE_XIJING_QUICK,"['SITE_SET_QQ_MUSIC_GAME', 'SITE_SET_KANDIAN', 'SITE_SET_TENCENT_NEWS', 'SITE_SET_TENCENT_VIDEO']",,2000005658,PROMOTED_OBJECT_TYPE_APP_ANDROID,False,,,,,"{'image': 148530, 'description': '休闲又魔性，能过这关是人才！', 'video': 148530, 'button_text': '立即下载', 'brand': {'brand_name': '迷城起源', 'brand_img': 141595}}","297,301",12035,2022-06-24,312.07,42.0,0.134585,1.0,12045
7533,1001991,21212,1493759,0,2022-06-24 09:51:05,OPTIMIZATIONGOAL_APP_ACTIVATE,111111111111111111111111111111111111111111111111111111111111111111111111111111111111111111111111111111111111111111111111111111111111111111111111111111111111110000111111111111111111111111111111111111111111111111111111111111111111111111111111111111111111111111111111111111111111111111111111111111111111111111111111111111111111111111111111,BID_STRATEGY_AVERAGE_COST,62622,0,False,[],,,,,"[{'min': 22, 'max': 66}]","[24388425, 24388423, 24388417, 24388414, 24388415, 24388419, 24388410, 24388413, 24388416, 24388411, 24388412, 24280207, 24280208]",[24388418],,DEEP_CONVERSION_WORTH,,"{'goal': 'GOAL_1DAY_PURCHASE_ROAS', 'expected_roi': 0.01}",,,,,,,,,,,,,47316,,720,{'page_id': 2449189785},PAGE_TYPE_CANVAS_WECHAT,['SITE_SET_WECHAT'],,2000005658,PROMOTED_OBJECT_TYPE_APP_ANDROID,False,DOWNLOAD_APP,,,,"{'end_page': {'end_page_desc': '无限游戏，休闲好玩又刺激', 'end_page_type': 'END_PAGE_AVATAR_NICKNAME_HIGHLIGHT'}, 'description': '智商149卡在了39关，这款游戏太烧脑，你能过几关？', 'video': 148721, 'button_text': '立即下载', 'brand': {'brand_name': '迷城起源', 'brand_img': 141595}}","277,301",7533,2022-06-25,2965.61,30.0,0.010116,0.0769,13333
8486,1001841,21387,1493943,0,2022-06-24 10:43:32,OPTIMIZATIONGOAL_APP_PURCHASE,111111111111111111111111111111111111111111111111111111111111111111111111111111111111111111111111111111111111111111111111111111111111111111111111111111111111111111111111111111111111111111111111111111111111111111111111111111111111111111111111111111111111111111111111111111111111111111111111111111111111111111111111111111111111111111111111,BID_STRATEGY_AVERAGE_COST,66729,0,False,[],,,['MALE'],,"[{'min': 22, 'max': 48}]","[24388425, 24388423, 24388417, 24388414, 24388415, 24388419, 24388410, 24388413, 24388416, 24388411, 24388412]",[24388418],,,,,,,,,,,,,,,,,46973,,720,{'page_id': 38312761},PAGE_TYPE_TSA_APP,"['SITE_SET_QQ_MUSIC_GAME', 'SITE_SET_KANDIAN', 'SITE_SET_TENCENT_NEWS', 'SITE_SET_TENCENT_VIDEO']",,2000002049,PROMOTED_OBJECT_TYPE_APP_ANDROID,False,,,,,"{'image': 147988, 'description': '智商149卡在了39关，这款游戏太烧脑，你能过几关？', 'video': 147988, 'button_text': '立即下载', 'brand': {'brand_name': '迷城起源-建桥大师', 'brand_img': 146334}}","301,277",8486,2022-06-24,1238.34,30.0,0.024226,0.0263,13765
8486,1001841,21387,1493944,0,2022-06-24 10:43:32,OPTIMIZATIONGOAL_APP_PURCHASE,111111111111111111111111111111111111111111111111111111111111111111111111111111111111111111111111111111111111111111111111111111111111111111111111111111111111111111111111111111111111111111111111111111111111111111111111111111111111111111111111111111111111111111111111111111111111111111111111111111111111111111111111111111111111111111111111,BID_STRATEGY_AVERAGE_COST,44848,0,False,[],,,['MALE'],,"[{'min': 22, 'max': 48}]","[24388425, 24388423, 24388417, 24388414, 24388415, 24388419, 24388410, 24388413, 24388416, 24388411, 24388412]",[24388418],,,,,,,,,,,,,,,,,45534,,720,{'page_id': 38312761},PAGE_TYPE_TSA_APP,"['SITE_SET_QQ_MUSIC_GAME', 'SITE_SET_KANDIAN', 'SITE_SET_TENCENT_NEWS', 'SITE_SET_TENCENT_VIDEO']",,2000002049,PROMOTED_OBJECT_TYPE_APP_ANDROID,False,,,,,"{'image': 145212, 'description': '智商149卡在了39关，这款游戏太烧脑，你能过几关？', 'video': 145212, 'button_text': '立即下载', 'brand': {'brand_name': '迷城起源-建桥大师', 'brand_img': 146334}}","277,301",8486,2022-06-26,2102.86,60.0,0.028533,0.0095,13765
8486,1001841,21387,1493948,0,2022-06-24 10:44:03,OPTIMIZATIONGOAL_APP_PURCHASE,111111111111111111111111111111111111111111111111111111111111111111111111111111111111111111111111111111111111111111111111111111111111111111111111111111111111111111111111111111111111111111111111111111111111111111111111111111111111111111111111111111111111111111111111111111111111111111111111111111111111111111111111111111111111111111111111,BID_STRATEGY_AVERAGE_COST,52866,0,False,[],,,['MALE'],,"[{'min': 22, 'max': 48}]","[24388425, 24388423, 24388417, 24388414, 24388415, 24388419, 24388410, 24388413, 24388416, 24388411, 24388412]",[24388418],,,,,,,,,,,,,,,,,47316,,720,{'page_id': 38312761},PAGE_TYPE_TSA_APP,"['SITE_SET_QQ_MUSIC_GAME', 'SITE_SET_KANDIAN', 'SITE_SET_TENCENT_NEWS', 'SITE_SET_TENCENT_VIDEO']",,2000002049,PROMOTED_OBJECT_TYPE_APP_ANDROID,False,,,,,"{'image': 148721, 'description': '智商149卡在了39关，这款游戏太烧脑，你能过几关？', 'video': 148721, 'button_text': '立即下载', 'brand': {'brand_name': '迷城起源-建桥大师', 'brand_img': 146334}}","277,301",8486,2022-06-25,1939.9,24.0,0.012372,0.0408,13765
11029,1001991,21387,1494047,0,2022-06-24 11:13:04,OPTIMIZATIONGOAL_FIRST_PURCHASE,111111111111111111111111111111111111111111111111111111111111111111111111111111111111111111111111111111111111111111111111111111111111111111111111111111111111111111111111111111111111111111111111111111111111111111111111111111111111111111111111111111111111111111111111111111111111111111111111111111111111111111111111111111111111111111111111,BID_STRATEGY_TARGET_COST,495509,0,False,[],,,,,"[{'min': 20, 'max': 50}]","[24388425, 24388423, 24388417, 24388414, 24388415, 24388419, 24388410, 24388413, 24388412]",[24388418],,,,,,,,,,,,,,,,,42240,,720,{'page_id': 23593365},PAGE_TYPE_XIJING_QUICK,['SITE_SET_WECHAT'],,2000005658,PROMOTED_OBJECT_TYPE_APP_ANDROID,False,DOWNLOAD_APP,,,,"{'end_page': {'end_page_desc': '无线关卡，好玩又刺激！', 'end_page_type': 'END_PAGE_DESCRIPTION_HIGHLIGHT'}, 'description': '智商149卡在了39关，这款游戏太烧脑，你能过几关？', 'video': 131023, 'button_text': '立即下载', 'brand': {'brand_name': '迷城起源', 'brand_img': 141594}}",20,11029,2022-06-24,4168.45,30.0,0.007197,0.0139,13765
11029,1001991,21387,1494045,0,2022-06-24 11:13:04,OPTIMIZATIONGOAL_FIRST_PURCHASE,111111111111111111111111111111111111111111111111111111111111111111111111111111111111111111111111111111111111111111111111111111111111111111111111111111111111111111111111111111111111111111111111111111111111111111111111111111111111111111111111111111111111111111111111111111111111111111111111111111111111111111111111111111111111111111111111,BID_STRATEGY_TARGET_COST,496113,0,False,[],,,,,"[{'min': 20, 'max': 50}]","[24388425, 24388423, 24388417, 24388414, 24388415, 24388419, 24388410, 24388413, 24388412]",[24388418],,,,,,,,,,,,,,,,,45534,,720,{'page_id': 23593365},PAGE_TYPE_XIJING_QUICK,['SITE_SET_WECHAT'],,2000005658,PROMOTED_OBJECT_TYPE_APP_ANDROID,False,DOWNLOAD_APP,,,,"{'end_page': {'end_page_desc': '无线关卡，好玩又刺激！', 'end_page_type': 'END_PAGE_DESCRIPTION_HIGHLIGHT'}, 'description': '智商149卡在了39关，这款游戏太烧脑，你能过几关？', 'video': 145212, 'button_text': '立即下载', 'brand': {'brand_name': '迷城起源', 'brand_img': 141594}}","277,301",11029,2022-06-24,4049.41,42.0,0.010372,0.0102,13765
9408,1001991,21339,1495145,0,2022-06-25 16:35:03,OPTIMIZATIONGOAL_APP_ACTIVATE,111111111111111111111111111111111111111111111111111111111111111111111111111111111111111111111111111111111111111111111111111111111111111111111111111111111111111111111111111111111111111111111111111111111111111111111111111111111111111111111111111111111111111111111111111111111111111111111111111111111111111111111111111111111111111111111111,BID_STRATEGY_TARGET_COST,259241,0,True,['gender'],,,['MALE'],,"[{'min': 14, 'max': 66}]","[10720475, 10720453, 10720474, 10720522, 10703006, 10720469, 10739615, 10739614, 10755381, 10755378, 23925206, 24117370, 24117392, 24116078, 24116073, 24116077, 24116074, 24117380, 24118754, 24118747, 24118750, 24118748, 24118746, 24118753, 24118728, 24118751, 24118730, 24118729, 24118731, 24117422, 24117412, 24117413, 24117415, 24117403, 24117405, 24117401, 24117402, 24117400, 24123079, 24123078, 24123080, 24123532, 24123531, 24123114, 24123106, 24123113, 24123105, 24123098, 24123090, 24123091]","[24097936, 24144888, 23469935, 23469904, 23469937]",,DEEP_CONVERSION_WORTH,,"{'goal': 'GOAL_1DAY_PURCHASE_ROAS', 'expected_roi': 0.01}",,,,,,,,,['OPTIMIZATIONGOAL_APP_ACTIVATE'],EXCLUDED_DIMENSION_APP,,,44743,,720,,PAGE_TYPE_DEFAULT,"['SITE_SET_QQ_MUSIC_GAME', 'SITE_SET_KANDIAN', 'SITE_SET_TENCENT_NEWS', 'SITE_SET_TENCENT_VIDEO', 'SITE_SET_MOBILE_UNION']",,2000005658,PROMOTED_OBJECT_TYPE_APP_ANDROID,False,,,,,"{'image': 144263, 'description': '智商149卡在了39关，这款游戏太烧脑，你能过几关？', 'video': 144263, 'button_text': '下载游戏', 'brand': {'brand_name': '迷城起源', 'brand_img': 141595}}",27,9408,2022-06-26,786.12,30.0,0.038162,0.3333,13612
8526,1001991,21212,1495191,0,2022-06-25 17:21:05,OPTIMIZATIONGOAL_APP_ACTIVATE,111111111111111111111111111111111111111111111111111111111111111111111111111111111111111111111111111111111111111111111111111111111111111111111111111111111111110000111111111111111111111111111111111111111111111111111111111111111111111111111111111111111111111111111111111111111111111111111111111111111111111111111111111111111111111111111111,BID_STRATEGY_AVERAGE_COST,70038,0,False,[],,,,,"[{'min': 24, 'max': 66}]","[24388425, 24388423, 24388417, 24388414, 24388415, 24388419, 24388410, 24388413, 24388416, 24388411, 24388412]",[24388418],,DEEP_CONVERSION_WORTH,,"{'goal': 'GOAL_1DAY_PURCHASE_ROAS', 'expected_roi': 0.01}",,,,,,,,,,,,,47377,,720,,PAGE_TYPE_DEFAULT,"['SITE_SET_QQ_MUSIC_GAME', 'SITE_SET_KANDIAN', 'SITE_SET_TENCENT_NEWS', 'SITE_SET_TENCENT_VIDEO', 'SITE_SET_MOBILE_UNION']",,2000005658,PROMOTED_OBJECT_TYPE_APP_ANDROID,False,,,,,"{'image': 148854, 'description': '智商149卡在了39关，这款游戏太烧脑，你能过几关？', 'video': 148854, 'button_text': '立即下载', 'brand': {'brand_name': '迷城起源', 'brand_img': 141595}}",277,8526,2022-06-26,2993.38,784.0,0.261911,0.2222,13333
12035,1001991,6867,1495224,0,2022-06-25 18:09:03,OPTIMIZATIONGOAL_APP_ACTIVATE,111111111111111111111111111111111111111111111111111111111111111111111111111111111111111111111111111111111111111111111111111111111111111111111111111111111111111111111111111111111111111111111111111111111111111111111111111111111111111111111111111111111111111111111111111111111111111111111111111111111111111111111111111111111111111111111111,BID_STRATEGY_AVERAGE_COST,34712,0,False,[],,,,,"[{'min': 14, 'max': 66}]","[24388425, 24388423, 24388417, 24388414, 24388415, 24388413, 24388412, 24388411, 24388416, 24388410, 24388419]",[24388418],,DEEP_CONVERSION_WORTH,,"{'goal': 'GOAL_1DAY_PURCHASE_ROAS', 'expected_roi': 0.015}",,,,,,,,,,,,,45534,,720,{'page_id': 46455735},PAGE_TYPE_XIJING_QUICK,"['SITE_SET_QQ_MUSIC_GAME', 'SITE_SET_KANDIAN', 'SITE_SET_TENCENT_NEWS', 'SITE_SET_TENCENT_VIDEO']",,2000005658,PROMOTED_OBJECT_TYPE_APP_ANDROID,False,,,,,"{'image': 145212, 'description': '智商149卡在了39关，这款游戏太烧脑，你能过几关？', 'video': 145212, 'button_text': '立即下载', 'brand': {'brand_name': '迷城起源', 'brand_img': 141594}}","277,301",12035,2022-06-27,1398.45,30.0,0.021452,0.0909,12045
9408,1001991,21339,1496139,0,2022-06-27 11:09:03,OPTIMIZATIONGOAL_APP_ACTIVATE,111111111111111111111111111111111111111111111111111111111111111111111111111111111111111111111111111111111111111111111111111111111111111111111111111111111111111111111111111111111111111111111111111111111111111111111111111111111111111111111111111111111111111111111111111111111111111111111111111111111111111111111111111111111111111111111111,BID_STRATEGY_TARGET_COST,240988,0,True,['gender'],,,['MALE'],,"[{'min': 14, 'max': 66}]","[10720475, 10720453, 10720474, 10720522, 10703006, 10720469, 10739615, 10739614, 10755381, 10755378, 23925206, 24117370, 24117392, 24116078, 24116073, 24116077, 24116074, 24117380, 24118754, 24118747, 24118750, 24118748, 24118746, 24118753, 24118728, 24118751, 24118730, 24118729, 24118731, 24117422, 24117412, 24117413, 24117415, 24117403, 24117405, 24117401, 24117402, 24117400, 24123079, 24123078, 24123080, 24123532, 24123531, 24123114, 24123106, 24123113, 24123105, 24123098, 24123090, 24123091]","[24097936, 24144888, 23469935, 23469904, 23469937]",,DEEP_CONVERSION_WORTH,,"{'goal': 'GOAL_1DAY_PURCHASE_ROAS', 'expected_roi': 0.01}",,,,,,,,,['OPTIMIZATIONGOAL_APP_ACTIVATE'],EXCLUDED_DIMENSION_APP,,,44743,,720,,PAGE_TYPE_DEFAULT,"['SITE_SET_QQ_MUSIC_GAME', 'SITE_SET_KANDIAN', 'SITE_SET_TENCENT_NEWS', 'SITE_SET_TENCENT_VIDEO', 'SITE_SET_MOBILE_UNION']",,2000005658,PROMOTED_OBJECT_TYPE_APP_ANDROID,False,,,,,"{'image': 144263, 'description': '智商149卡在了39关，这款游戏太烧脑，你能过几关？', 'video': 144263, 'button_text': '下载游戏', 'brand': {'brand_name': '迷城起源', 'brand_img': 141595}}",27,9408,2022-06-28,787.39,128.0,0.162562,0.5,13612
11029,1001991,21387,1496305,0,2022-06-27 14:07:03,OPTIMIZATIONGOAL_APP_ACTIVATE,111111111111111111111111111111111111111111111111111111111111111111111111111111111111111111111111111111111111111111111111111111111111111111111111111111111111111111111111111111111111111111111111111111111111111111111111111111111111111111111111111111111111111111111111111111111111111111111111111111111111111111111111111111111111111111111111,BID_STRATEGY_TARGET_COST,499289,0,True,"['age', 'gender']",,,['MALE'],,"[{'min': 23, 'max': 48}]","[24388425, 24388423, 24388417, 24388414, 24388419, 24388410, 24388416, 24388412]",[24388418],,DEEP_CONVERSION_WORTH,,"{'goal': 'GOAL_1DAY_PURCHASE_ROAS', 'expected_roi': 0.012}",,,,,,,,,,,,,45534,,720,{'page_id': 23593363},PAGE_TYPE_TSA_APP,"['SITE_SET_QQ_MUSIC_GAME', 'SITE_SET_KANDIAN', 'SITE_SET_TENCENT_NEWS', 'SITE_SET_TENCENT_VIDEO']",,2000005658,PROMOTED_OBJECT_TYPE_APP_ANDROID,False,,,,,"{'image': 145212, 'description': '智商149卡在了39关，这款游戏太烧脑，你能过几关？', 'video': 145212, 'button_text': '立即下载', 'brand': {'brand_name': '迷城起源', 'brand_img': 141594}}","277,301",11029,2022-06-27,818.15,48.0,0.058669,0.2,13765
11327,1001991,6867,1496891,0,2022-06-28 11:11:06,OPTIMIZATIONGOAL_APP_ACTIVATE,111111111111111111111111111111111111111111111111111111111111111111111111111111111111111111111111111111111111111111111111111111111111111111111111111111111111111111111111111111111111111111111111111111111111111111111111111111111111111111111111111111111111111111111111111111111111111111111111111111111111111111111111111111111111111111111111,BID_STRATEGY_AVERAGE_COST,14080,0,True,[],,,['MALE'],,"[{'min': 20, 'max': 50}]",,,,DEEP_CONVERSION_WORTH,,"{'goal': 'GOAL_1DAY_PURCHASE_ROAS', 'expected_roi': 0.015}",,,,,,,,,,,,,45799,,720,{'page_id': 23698860},PAGE_TYPE_XIJING_QUICK,['SITE_SET_WECHAT'],,2000005658,PROMOTED_OBJECT_TYPE_APP_ANDROID,False,DOWNLOAD_APP,,,,"{'end_page': {'end_page_desc': '喂！不是吧！这也太难了！', 'end_page_type': 'END_PAGE_DESCRIPTION_HIGHLIGHT'}, 'description': '休闲又魔性，能过这关是人才！', 'video': 145764, 'button_text': '立即下载', 'brand': {'brand_name': '迷城起源', 'brand_img': 141595}}","301,277",11327,2022-06-29,1466.72,12.0,0.008182,0.0526,12045
11327,1001991,6867,1496888,0,2022-06-28 11:11:06,OPTIMIZATIONGOAL_APP_ACTIVATE,111111111111111111111111111111111111111111111111111111111111111111111111111111111111111111111111111111111111111111111111111111111111111111111111111111111111111111111111111111111111111111111111111111111111111111111111111111111111111111111111111111111111111111111111111111111111111111111111111111111111111111111111111111111111111111111111,BID_STRATEGY_AVERAGE_COST,22505,0,False,[],,,['MALE'],,"[{'min': 20, 'max': 50}]",,,,DEEP_CONVERSION_WORTH,,"{'goal': 'GOAL_1DAY_PURCHASE_ROAS', 'expected_roi': 0.015}",,,,,,,,,,,,,45534,,720,{'page_id': 23698860},PAGE_TYPE_XIJING_QUICK,['SITE_SET_WECHAT'],,2000005658,PROMOTED_OBJECT_TYPE_APP_ANDROID,False,DOWNLOAD_APP,,,,"{'end_page': {'end_page_desc': '喂！不是吧！这也太难了！', 'end_page_type': 'END_PAGE_DESCRIPTION_HIGHLIGHT'}, 'description': '休闲又魔性，能过这关是人才！', 'video': 145212, 'button_text': '立即下载', 'brand': {'brand_name': '迷城起源', 'brand_img': 141595}}","277,301",11327,2022-06-29,8727.2,226.0,0.025896,0.0074,12045
12036,1001841,6867,1496924,0,2022-06-28 11:27:03,OPTIMIZATIONGOAL_APP_PURCHASE,111111111111111111111111111111111111111111111111111111111111111111111111111111111111111111111111111111111111111111111111111111111111111111111111111111111111111111111111111111111111111111111111111111111111111111111111111111111111111111111111111111111111111111111111111111111111111111111111111111111111111111111111111111111111111111111111,BID_STRATEGY_AVERAGE_COST,76600,0,False,[],,,['MALE'],,"[{'min': 14, 'max': 66}]","[24388423, 24388417, 24388414, 24388415, 24388419, 24388413, 24388410, 24388411, 24388416, 24388412, 24388425]",[24388418],,,,,,,,,,,,,,,,,47316,,720,{'page_id': 46664702},PAGE_TYPE_TSA_APP,"['SITE_SET_QQ_MUSIC_GAME', 'SITE_SET_KANDIAN', 'SITE_SET_TENCENT_NEWS', 'SITE_SET_TENCENT_VIDEO']",,2000002049,PROMOTED_OBJECT_TYPE_APP_ANDROID,False,,,,,"{'image': 148721, 'description': '智商149卡在了39关，这款游戏太烧脑，你能过几关？', 'video': 148721, 'button_text': '立即下载', 'brand': {'brand_name': '迷城起源-建桥大师', 'brand_img': 146334}}","277,301",12036,2022-06-28,1920.3,42.0,0.021872,0.0154,12045
12036,1001841,6867,1496930,0,2022-06-28 11:28:04,OPTIMIZATIONGOAL_APP_PURCHASE,111111111111111111111111111111111111111111111111111111111111111111111111111111111111111111111111111111111111111111111111111111111111111111111111111111111111111111111111111111111111111111111111111111111111111111111111111111111111111111111111111111111111111111111111111111111111111111111111111111111111111111111111111111111111111111111111,BID_STRATEGY_AVERAGE_COST,96383,0,False,[],,,['MALE'],,"[{'min': 14, 'max': 66}]","[24388423, 24388417, 24388414, 24388415, 24388419, 24388413, 24388410, 24388411, 24388416, 24388412, 24388425]",[24388418],,,,,,,,,,,,,,,,,47266,,720,{'page_id': 46664702},PAGE_TYPE_TSA_APP,"['SITE_SET_QQ_MUSIC_GAME', 'SITE_SET_KANDIAN', 'SITE_SET_TENCENT_NEWS', 'SITE_SET_TENCENT_VIDEO']",,2000002049,PROMOTED_OBJECT_TYPE_APP_ANDROID,False,,,,,"{'image': 148627, 'description': '智商149卡在了39关，这款游戏太烧脑，你能过几关？', 'video': 148627, 'button_text': '立即下载', 'brand': {'brand_name': '迷城起源-建桥大师', 'brand_img': 146334}}","301,277",12036,2022-06-29,860.19,158.0,0.18368,0.0476,12045
12035,1001991,6867,1497980,0,2022-06-29 13:59:04,OPTIMIZATIONGOAL_APP_ACTIVATE,111111111111111111111111111111111111111111111111111111111111111111111111111111111111111111111111111111111111111111111111111111111111111111111111111111111111111111111111111111111111111111111111111111111111111111111111111111111111111111111111111111111111111111111111111111111111111111111111111111111111111111111111111111111111111111111111,BID_STRATEGY_AVERAGE_COST,26345,0,False,[],,,['MALE'],,"[{'min': 26, 'max': 66}]","[24388414, 24388415, 24388419, 24388410, 24388413, 24388412, 24388416, 24388411, 24388417, 24388425, 24388423]",[24388418],,DEEP_CONVERSION_WORTH,,"{'goal': 'GOAL_1DAY_PURCHASE_ROAS', 'expected_roi': 0.02}",,,,,,,,,,,,,45534,,720,{'page_id': 46455735},PAGE_TYPE_XIJING_QUICK,"['SITE_SET_KANDIAN', 'SITE_SET_WECHAT']",,2000005658,PROMOTED_OBJECT_TYPE_APP_ANDROID,False,,,,,"{'image': 145212, 'end_page': {'end_page_desc': '没wifi也能玩一天', 'end_page_type': 'END_PAGE_DESCRIPTION_HIGHLIGHT'}, 'description': '智商149卡在了39关，这款游戏太烧脑，你能过几关？', 'video': 145212, 'button_text': '立即下载', 'brand': {'brand_name': '迷城起源', 'brand_img': 141594}}","277,301",12035,2022-06-30,56030.2,1788.0,0.031911,0.0043,12045
12035,1001991,6867,1497978,0,2022-06-29 13:59:04,OPTIMIZATIONGOAL_APP_ACTIVATE,111111111111111111111111111111111111111111111111111111111111111111111111111111111111111111111111111111111111111111111111111111111111111111111111111111111111111111111111111111111111111111111111111111111111111111111111111111111111111111111111111111111111111111111111111111111111111111111111111111111111111111111111111111111111111111111111,BID_STRATEGY_AVERAGE_COST,20549,0,False,[],,,['MALE'],,"[{'min': 14, 'max': 66}]","[24388425, 24388423, 24388417, 24388414, 24388415, 24388410, 24388413, 24388416, 24388411, 24388412, 24388419]",[24388418],,DEEP_CONVERSION_WORTH,,"{'goal': 'GOAL_1DAY_PURCHASE_ROAS', 'expected_roi': 0.015}",,,,,,,,,,,,,45799,,720,{'page_id': 46455735},PAGE_TYPE_XIJING_QUICK,"['SITE_SET_KANDIAN', 'SITE_SET_WECHAT']",,2000005658,PROMOTED_OBJECT_TYPE_APP_ANDROID,False,,,,,"{'image': 145764, 'end_page': {'end_page_desc': '没wifi也能玩一天', 'end_page_type': 'END_PAGE_DESCRIPTION_HIGHLIGHT'}, 'description': '智商149卡在了39关，这款游戏太烧脑，你能过几关？', 'video': 145764, 'button_text': '立即下载', 'brand': {'brand_name': '迷城起源', 'brand_img': 141594}}","301,277",12035,2022-07-01,4341.13,30.0,0.006911,0.0088,12045
12035,1001991,6867,1497984,0,2022-06-29 13:59:32,OPTIMIZATIONGOAL_APP_ACTIVATE,111111111111111111111111111111111111111111111111111111111111111111111111111111111111111111111111111111111111111111111111111111111111111111111111111111111111111111111111111111111111111111111111111111111111111111111111111111111111111111111111111111111111111111111111111111111111111111111111111111111111111111111111111111111111111111111111,BID_STRATEGY_AVERAGE_COST,26653,0,False,[],,,['MALE'],,"[{'min': 14, 'max': 66}]","[24388425, 24388423, 24388417, 24388414, 24388415, 24388410, 24388413, 24388416, 24388411, 24388412, 24388419]",[24388418],,DEEP_CONVERSION_WORTH,,"{'goal': 'GOAL_1DAY_PURCHASE_ROAS', 'expected_roi': 0.015}",,,,,,,,,,,,,47425,,720,{'page_id': 46455735},PAGE_TYPE_XIJING_QUICK,"['SITE_SET_KANDIAN', 'SITE_SET_WECHAT']",,2000005658,PROMOTED_OBJECT_TYPE_APP_ANDROID,False,,,,,"{'image': 148954, 'end_page': {'end_page_desc': '没wifi也能玩一天', 'end_page_type': 'END_PAGE_DESCRIPTION_HIGHLIGHT'}, 'description': '智商149卡在了39关，这款游戏太烧脑，你能过几关？', 'video': 148954, 'button_text': '立即下载', 'brand': {'brand_name': '迷城起源', 'brand_img': 141594}}","301,277",12035,2022-07-02,4649.14,72.0,0.015487,0.0294,12045
12035,1001991,6867,1497983,0,2022-06-29 13:59:32,OPTIMIZATIONGOAL_APP_ACTIVATE,111111111111111111111111111111111111111111111111111111111111111111111111111111111111111111111111111111111111111111111111111111111111111111111111111111111111111111111111111111111111111111111111111111111111111111111111111111111111111111111111111111111111111111111111111111111111111111111111111111111111111111111111111111111111111111111111,BID_STRATEGY_AVERAGE_COST,31998,0,False,[],,,['MALE'],,"[{'min': 14, 'max': 66}]","[24388425, 24388423, 24388417, 24388414, 24388415, 24388410, 24388413, 24388416, 24388411, 24388412, 24388419]",[24388418],,DEEP_CONVERSION_WORTH,,"{'goal': 'GOAL_1DAY_PURCHASE_ROAS', 'expected_roi': 0.015}",,,,,,,,,,,,,47425,,720,{'page_id': 46455735},PAGE_TYPE_XIJING_QUICK,"['SITE_SET_KANDIAN', 'SITE_SET_WECHAT']",,2000005658,PROMOTED_OBJECT_TYPE_APP_ANDROID,False,,,,,"{'image': 148954, 'end_page': {'end_page_desc': '没wifi也能玩一天', 'end_page_type': 'END_PAGE_DESCRIPTION_HIGHLIGHT'}, 'description': '智商149卡在了39关，这款游戏太烧脑，你能过几关？', 'video': 148954, 'button_text': '立即下载', 'brand': {'brand_name': '迷城起源', 'brand_img': 141594}}","301,277",12035,2022-07-03,7126.21,188.0,0.026381,0.0159,12045
10934,1001991,21394,1498172,0,2022-06-29 17:09:33,OPTIMIZATIONGOAL_APP_ACTIVATE,111111111111111111111111111111111111111111111111111111111111111111111111111111111111111111111111111111111111111111111111111111111111111111111111111111111111110000111111111111111111111111111111111111111111111111111111111111111111111111111111111111111111111111111111111111111111111111111111111111111111111111111111111111111111111111111111,BID_STRATEGY_AVERAGE_COST,17855,0,False,[],,,['MALE'],,"[{'min': 23, 'max': 55}]",,[24215963],,DEEP_CONVERSION_WORTH,,"{'goal': 'GOAL_1DAY_PURCHASE_ROAS', 'expected_roi': 0.014}",,,,,,,,,['OPTIMIZATIONGOAL_APP_ACTIVATE'],EXCLUDED_DIMENSION_APP,,,45764,,720,{'page_id': 49112612},PAGE_TYPE_TSA_APP,"['SITE_SET_QQ_MUSIC_GAME', 'SITE_SET_KANDIAN', 'SITE_SET_TENCENT_NEWS', 'SITE_SET_TENCENT_VIDEO', 'SITE_SET_MOBILE_UNION', 'SITE_SET_WECHAT']",,2000005658,PROMOTED_OBJECT_TYPE_APP_ANDROID,False,,,,,"{'image': 145702, 'end_page': {'end_page_desc': '解谜逃生，你能过几关？', 'end_page_type': 'END_PAGE_AVATAR_NICKNAME_HIGHLIGHT'}, 'description': '智商149卡在了39关，这款游戏太烧脑，你能过几关？', 'video': 145702, 'button_text': '立即下载', 'brand': {'brand_name': '迷城起源', 'brand_img': 141595}}","301,277",10934,2022-07-01,4167.1,30.0,0.007199,0.0135,13822
10934,1001991,21394,1498164,0,2022-06-29 17:09:33,OPTIMIZATIONGOAL_APP_ACTIVATE,111111111111111111111111111111111111111111111111111111111111111111111111111111111111111111111111111111111111111111111111111111111111111111111111111111111111110000111111111111111111111111111111111111111111111111111111111111111111111111111111111111111111111111111111111111111111111111111111111111111111111111111111111111111111111111111111,BID_STRATEGY_AVERAGE_COST,18843,0,False,[],,,['MALE'],,"[{'min': 23, 'max': 55}]",,[24215963],,DEEP_CONVERSION_WORTH,,"{'goal': 'GOAL_1DAY_PURCHASE_ROAS', 'expected_roi': 0.015}",,,,,,,,,['OPTIMIZATIONGOAL_APP_ACTIVATE'],EXCLUDED_DIMENSION_APP,,,47377,,720,{'page_id': 49112612},PAGE_TYPE_TSA_APP,"['SITE_SET_QQ_MUSIC_GAME', 'SITE_SET_KANDIAN', 'SITE_SET_TENCENT_NEWS', 'SITE_SET_TENCENT_VIDEO', 'SITE_SET_MOBILE_UNION', 'SITE_SET_WECHAT']",,2000005658,PROMOTED_OBJECT_TYPE_APP_ANDROID,False,,,,,"{'image': 148854, 'end_page': {'end_page_desc': '解谜逃生，你能过几关？', 'end_page_type': 'END_PAGE_AVATAR_NICKNAME_HIGHLIGHT'}, 'description': '智商149卡在了39关，这款游戏太烧脑，你能过几关？', 'video': 148854, 'button_text': '立即下载', 'brand': {'brand_name': '迷城起源', 'brand_img': 141595}}",277,10934,2022-07-03,1848.27,98.0,0.053023,0.05,13822
10934,1001991,21394,1498173,0,2022-06-29 17:09:33,OPTIMIZATIONGOAL_APP_ACTIVATE,111111111111111111111111111111111111111111111111111111111111111111111111111111111111111111111111111111111111111111111111111111111111111111111111111111111111110000111111111111111111111111111111111111111111111111111111111111111111111111111111111111111111111111111111111111111111111111111111111111111111111111111111111111111111111111111111,BID_STRATEGY_AVERAGE_COST,26303,0,False,[],,,['MALE'],,"[{'min': 23, 'max': 55}]",,[24215963],,DEEP_CONVERSION_WORTH,,"{'goal': 'GOAL_1DAY_PURCHASE_ROAS', 'expected_roi': 0.022}",,,,,,,,,['OPTIMIZATIONGOAL_APP_ACTIVATE'],EXCLUDED_DIMENSION_APP,,,45799,,720,{'page_id': 49112612},PAGE_TYPE_TSA_APP,"['SITE_SET_QQ_MUSIC_GAME', 'SITE_SET_KANDIAN', 'SITE_SET_TENCENT_NEWS', 'SITE_SET_TENCENT_VIDEO', 'SITE_SET_MOBILE_UNION', 'SITE_SET_WECHAT']",,2000005658,PROMOTED_OBJECT_TYPE_APP_ANDROID,False,,,,,"{'image': 145764, 'end_page': {'end_page_desc': '解谜逃生，你能过几关？', 'end_page_type': 'END_PAGE_AVATAR_NICKNAME_HIGHLIGHT'}, 'description': '智商149卡在了39关，这款游戏太烧脑，你能过几关？', 'video': 145764, 'button_text': '立即下载', 'brand': {'brand_name': '迷城起源', 'brand_img': 141595}}","301,277",10934,2022-07-02,8396.54,232.0,0.02763,0.0112,13822
12035,1001991,6867,1498732,0,2022-06-30 11:06:32,OPTIMIZATIONGOAL_APP_ACTIVATE,111111111111111111111111111111111111111111111111111111111111111111111111111111111111111111111111111111111111111111111111111111111111111111111111111111111111111111111111111111111111111111111111111111111111111111111111111111111111111111111111111111111111111111111111111111111111111111111111111111111111111111111111111111111111111111111111,BID_STRATEGY_AVERAGE_COST,31286,0,False,[],,,['MALE'],,"[{'min': 18, 'max': 66}]","[24388425, 24388423, 24388417, 24388414, 24388415, 24388419, 24388410, 24388413, 24388416, 24388411, 24388412]",[24388418],,DEEP_CONVERSION_WORTH,,"{'goal': 'GOAL_1DAY_PURCHASE_ROAS', 'expected_roi': 0.02}",,,,,,,,,,,,,45534,,720,{'page_id': 46455735},PAGE_TYPE_XIJING_QUICK,['SITE_SET_WECHAT'],,2000005658,PROMOTED_OBJECT_TYPE_APP_ANDROID,False,DOWNLOAD_APP,,,,"{'end_page': {'end_page_desc': '没wifi也能玩一整天', 'end_page_type': 'END_PAGE_DESCRIPTION_HIGHLIGHT'}, 'description': '智商149卡在了39关，这款游戏太烧脑，你能过几关？', 'video': 145212, 'button_text': '立即下载', 'brand': {'brand_name': '迷城起源', 'brand_img': 141594}}","277,301",12035,2022-07-03,25669.48,3380.0,0.131674,0.0078,12045
10934,1001991,21394,1499192,0,2022-06-30 16:15:03,OPTIMIZATIONGOAL_APP_ACTIVATE,111111111111111111111111111111111111111111111111111111111111111111111111111111111111111111111111111111111111111111111111111111111111111111111111111111111111111111111111111111111111111111111111111111111111111111111111111111111111111111111111111111111111111111111111111111111111111111111111111111111111111111111111111111111111111111111111,BID_STRATEGY_AVERAGE_COST,18553,0,False,[],,,,,"[{'min': 23, 'max': 66}]","[24388417, 24388411, 24388414, 24388419, 24388416, 24388415, 24388410, 24388423, 24388425, 24388413, 24388412]","[24144888, 24388418, 24215963]",,DEEP_CONVERSION_WORTH,,"{'goal': 'GOAL_1DAY_PURCHASE_ROAS', 'expected_roi': 0.015}",,,,,,,,,['OPTIMIZATIONGOAL_APP_ACTIVATE'],EXCLUDED_DIMENSION_APP,,,45799,,720,{'page_id': 49112612},PAGE_TYPE_TSA_APP,"['SITE_SET_QQ_MUSIC_GAME', 'SITE_SET_KANDIAN', 'SITE_SET_TENCENT_NEWS', 'SITE_SET_TENCENT_VIDEO', 'SITE_SET_MOBILE_UNION', 'SITE_SET_WECHAT']",,2000005658,PROMOTED_OBJECT_TYPE_APP_ANDROID,False,,,,,"{'image': 145764, 'end_page': {'end_page_desc': '处处是陷阱，求生全靠智商', 'end_page_type': 'END_PAGE_AVATAR_NICKNAME_HIGHLIGHT'}, 'description': '闯关+逃生，没WiFi也能玩一天，试试你能过几关？', 'video': 145764, 'button_text': '立即下载', 'brand': {'brand_name': '迷城起源', 'brand_img': 141595}}","301,277",10934,2022-07-01,535.84,30.0,0.055987,0.2,13822
11327,1001991,6867,1499199,0,2022-06-30 16:17:32,OPTIMIZATIONGOAL_APP_ACTIVATE,111111111111111111111111111111111111111111111111111111111111111111111111111111111111111111111111111111111111111111111111111111111111111111111111111111111111111111111111111111111111111111111111111111111111111111111111111111111111111111111111111111111111111111111111111111111111111111111111111111111111111111111111111111111111111111111111,BID_STRATEGY_AVERAGE_COST,29300,0,False,[],,,['MALE'],,"[{'min': 24, 'max': 56}]",,,,DEEP_CONVERSION_WORTH,,"{'goal': 'GOAL_1DAY_PURCHASE_ROAS', 'expected_roi': 0.12}",,,,,,,,,,,,,45534,,720,{'page_id': 23698860},PAGE_TYPE_XIJING_QUICK,"['SITE_SET_KANDIAN', 'SITE_SET_TENCENT_NEWS', 'SITE_SET_WECHAT']",,2000005658,PROMOTED_OBJECT_TYPE_APP_ANDROID,False,,,,,"{'image': 145212, 'end_page': {'end_page_desc': '没wifi也能玩一整天', 'end_page_type': 'END_PAGE_DESCRIPTION_HIGHLIGHT'}, 'description': '智商149卡在了39关，这款游戏太烧脑，你能过几关？', 'video': 145212, 'button_text': '立即下载', 'brand': {'brand_name': '迷城起源', 'brand_img': 141595}}","277,301",11327,2022-07-01,1651.26,30.0,0.018168,0.0909,12045
8486,1001991,21387,1499450,0,2022-06-30 19:51:05,OPTIMIZATIONGOAL_APP_ACTIVATE,111111111111111111111111111111111111111111111111111111111111111111111111111111111111111111111111111111111111111111111111111111111111111111111111111111111111111111111111111111111111111111111111111111111111111111111111111111111111111111111111111111111111111111111111111111111111111111111111111111111111111111111111111111111111111111111111,BID_STRATEGY_AVERAGE_COST,24353,0,False,[],,,['MALE'],,"[{'min': 24, 'max': 48}]","[24388425, 24388423, 24388417, 24388414, 24388415, 24388419, 24388410, 24388413, 24388416, 24388411, 24388412]",[24388418],,DEEP_CONVERSION_WORTH,,"{'goal': 'GOAL_1DAY_PURCHASE_ROAS', 'expected_roi': 0.02}",,,,,,,,,,,,,47376,,720,{'page_id': 15306452},PAGE_TYPE_TSA_APP,"['SITE_SET_QQ_MUSIC_GAME', 'SITE_SET_KANDIAN', 'SITE_SET_TENCENT_NEWS', 'SITE_SET_TENCENT_VIDEO', 'SITE_SET_MOBILE_UNION']",,2000005658,PROMOTED_OBJECT_TYPE_APP_ANDROID,False,,,,,"{'image': 148852, 'description': '智商149卡在了39关，这款游戏太烧脑，你能过几关？', 'video': 148852, 'button_text': '立即下载', 'brand': {'brand_name': '迷城起源', 'brand_img': 141594}}",277,8486,2022-07-01,1443.31,42.0,0.0291,0.3333,13765
