image_id_3,label_ids_3,im_amount_3,im_create_role_num_3,im_new_role_money_3,im_pay_role_user_num_3,im_source_num_3,im_valid_source_num_3,model_run_datetime_3,data_win_3
23509,20,97653.48,4374.0,2492.0,40.0,24,7,2021-01-02,3
23552,20,7399.67,154.0,256.0,4.0,2,1,2021-01-02,3
25562,20,67959.83,2604.0,17096.0,67.0,9,5,2021-01-02,3
25825,20,184132.1,6666.0,22432.0,112.0,31,15,2021-01-02,3
25912,"-1,20",34189.32,501.0,406.0,7.0,10,1,2021-01-02,3
25919,103,8039.21,85.0,404.0,4.0,1,1,2021-01-02,3
26109,-1,13010.69,212.0,48.0,4.0,3,1,2021-01-02,3
26503,103,5863.27,34.0,30.0,1.0,3,1,2021-01-02,3
26853,103,31625.87,388.0,1436.0,13.0,15,4,2021-01-02,3
27001,"-1,103",18191.64,185.0,340.0,2.0,9,1,2021-01-02,3
27383,67,17847.44,173.0,404.0,4.0,12,2,2021-01-02,3
27434,20,112000.04,3979.0,3020.0,56.0,25,12,2021-01-02,3
27630,103,16021.37,240.0,230.0,3.0,10,1,2021-01-02,3
27672,20,212094.25,7074.0,15786.0,83.0,49,18,2021-01-02,3
27689,103,11874.58,110.0,1260.0,9.0,1,1,2021-01-02,3
27703,103,290128.52,5512.0,20716.0,130.0,65,20,2021-01-02,3
27715,20,3895.21,118.0,384.0,6.0,1,1,2021-01-02,3
27768,19,31063.91,523.0,382.0,9.0,9,2,2021-01-02,3
27778,103,5374.58,98.0,396.0,12.0,1,1,2021-01-02,3
27795,19,8489.13,107.0,42.0,1.0,3,1,2021-01-02,3
27824,103,22979.22,193.0,288.0,8.0,14,1,2021-01-02,3
27875,20,12018.34,415.0,440.0,8.0,2,1,2021-01-02,3
27881,20,14495.36,151.0,152.0,2.0,5,1,2021-01-02,3
27888,103,9028.35,137.0,152.0,2.0,3,1,2021-01-02,3
27944,103,35373.52,975.0,2986.0,17.0,11,1,2021-01-02,3
27945,19,63728.75,493.0,5872.0,37.0,19,5,2021-01-02,3
28017,20,41906.86,1055.0,1048.0,21.0,10,3,2021-01-02,3
28018,20,30200.99,724.0,548.0,15.0,14,1,2021-01-02,3
28031,25,4942.06,116.0,246.0,1.0,1,1,2021-01-02,3
28032,25,10151.65,148.0,12.0,1.0,6,1,2021-01-02,3
28033,20,128531.31,3277.0,7058.0,63.0,34,10,2021-01-02,3
28034,20,55474.69,1119.0,6632.0,22.0,19,5,2021-01-02,3
28036,20,38564.17,1245.0,7084.0,16.0,12,3,2021-01-02,3
28089,20,15624.61,451.0,436.0,6.0,4,1,2021-01-02,3
28382,126,18123.08,204.0,12.0,1.0,11,1,2021-01-02,3
28395,103,5173.08,58.0,128.0,1.0,2,1,2021-01-02,3
28459,25,6458.83,83.0,114.0,3.0,2,2,2021-01-02,3
28464,20,13018.85,171.0,158.0,2.0,5,1,2021-01-02,3
25547,20,2941.18,58.0,0.0,0.0,1,0,2021-01-02,3
25907,20,11123.66,292.0,12.0,1.0,4,0,2021-01-02,3
26445,"-1,20",906.44,5.0,0.0,0.0,2,0,2021-01-02,3
27410,103,858.75,2.0,0.0,0.0,2,0,2021-01-02,3
27508,103,290.68,1.0,0.0,0.0,1,0,2021-01-02,3
27748,103,7978.45,71.0,0.0,0.0,10,0,2021-01-02,3
27929,25,618.1,2.0,0.0,0.0,1,0,2021-01-02,3
27967,19,578.9,1.0,0.0,0.0,2,0,2021-01-02,3
27970,20,8002.03,188.0,24.0,2.0,4,0,2021-01-02,3
27985,19,3698.8,18.0,0.0,0.0,3,0,2021-01-02,3
28012,103,1467.7,12.0,0.0,0.0,3,0,2021-01-02,3
28035,20,1182.34,10.0,0.0,0.0,2,0,2021-01-02,3
28062,103,2168.9,8.0,0.0,0.0,4,0,2021-01-02,3
28092,112,4214.81,23.0,0.0,0.0,1,0,2021-01-02,3
28127,103,1120.39,11.0,0.0,0.0,2,0,2021-01-02,3
28137,125,2515.0,3.0,0.0,0.0,4,0,2021-01-02,3
28192,81,10655.42,321.0,0.0,0.0,4,0,2021-01-02,3
28194,"19,103",2144.14,9.0,0.0,0.0,4,0,2021-01-02,3
28198,,14557.5,87.0,0.0,0.0,2,0,2021-01-02,3
28203,19,525.89,2.0,0.0,0.0,1,0,2021-01-02,3
28205,126,2207.52,3.0,12.0,1.0,2,0,2021-01-02,3
28209,19,2120.56,4.0,0.0,0.0,4,0,2021-01-02,3
28212,103,1558.8,4.0,0.0,0.0,3,0,2021-01-02,3
28215,103,3201.19,29.0,0.0,0.0,4,0,2021-01-02,3
28216,103,4548.75,11.0,0.0,0.0,9,0,2021-01-02,3
28218,19,2139.4,4.0,0.0,0.0,4,0,2021-01-02,3
28219,112,3124.53,13.0,0.0,0.0,5,0,2021-01-02,3
28222,"20,83",3866.64,62.0,0.0,0.0,2,0,2021-01-02,3
28280,19,6894.72,38.0,0.0,0.0,11,0,2021-01-02,3
28397,103,2941.18,28.0,0.0,0.0,1,0,2021-01-02,3
28406,25,1706.44,4.0,0.0,0.0,5,0,2021-01-02,3
28418,19,3048.61,13.0,0.0,0.0,5,0,2021-01-02,3
28463,25,3768.75,17.0,0.0,0.0,2,0,2021-01-02,3
23509,20,95078.12,4249.0,5264.0,42.0,23,9,2021-01-03,3
23552,20,19826.96,563.0,932.0,10.0,4,2,2021-01-03,3
25547,20,11764.71,402.0,98.0,2.0,3,1,2021-01-03,3
25562,20,74135.19,3068.0,9318.0,71.0,9,5,2021-01-03,3
25825,20,182430.45,6816.0,29244.0,101.0,33,17,2021-01-03,3
25907,20,18714.71,649.0,656.0,2.0,6,0,2021-01-03,3
25912,"-1,20",96015.29,1587.0,2780.0,41.0,13,3,2021-01-03,3
25919,103,12231.44,118.0,624.0,4.0,3,1,2021-01-03,3
26109,-1,7926.71,171.0,48.0,4.0,3,1,2021-01-03,3
26445,"-1,20",906.44,5.0,0.0,0.0,2,0,2021-01-03,3
26503,103,5863.27,34.0,30.0,1.0,3,1,2021-01-03,3
26853,103,37519.24,428.0,1918.0,16.0,17,4,2021-01-03,3
27001,"-1,103",16606.12,137.0,424.0,4.0,8,1,2021-01-03,3
27383,67,15670.92,177.0,582.0,4.0,12,2,2021-01-03,3
27434,20,120395.41,4171.0,3596.0,51.0,28,10,2021-01-03,3
27575,19,3027.66,36.0,30.0,1.0,5,1,2021-01-03,3
27630,103,28298.85,557.0,2100.0,14.0,7,1,2021-01-03,3
27672,20,254626.92,8852.0,10952.0,94.0,53,22,2021-01-03,3
27689,103,11572.92,110.0,708.0,5.0,2,2,2021-01-03,3
27703,103,210706.89,3535.0,5660.0,76.0,56,18,2021-01-03,3
27715,20,6350.82,225.0,560.0,12.0,1,1,2021-01-03,3
27748,103,2155.93,20.0,42.0,1.0,5,0,2021-01-03,3
27768,19,34272.56,572.0,346.0,7.0,12,1,2021-01-03,3
27778,103,3565.93,59.0,120.0,4.0,1,1,2021-01-03,3
27795,19,8489.13,107.0,42.0,1.0,3,1,2021-01-03,3
27824,103,19339.69,173.0,102.0,3.0,16,1,2021-01-03,3
27875,20,12155.78,405.0,1424.0,8.0,2,1,2021-01-03,3
27881,20,25604.18,301.0,560.0,4.0,10,1,2021-01-03,3
27888,103,10409.05,160.0,490.0,5.0,3,1,2021-01-03,3
27944,103,29214.79,867.0,210.0,4.0,13,2,2021-01-03,3
27945,19,60095.63,534.0,3576.0,26.0,19,6,2021-01-03,3
27952,20,14505.45,569.0,170.0,1.0,5,1,2021-01-03,3
27967,19,578.9,1.0,0.0,0.0,2,0,2021-01-03,3
27970,20,3957.72,96.0,24.0,2.0,3,0,2021-01-03,3
27985,19,5239.98,28.0,0.0,0.0,6,0,2021-01-03,3
28012,103,1467.7,12.0,0.0,0.0,3,0,2021-01-03,3
28017,20,35467.53,844.0,556.0,12.0,9,2,2021-01-03,3
28018,20,24095.95,656.0,476.0,10.0,12,1,2021-01-03,3
28032,25,9229.62,155.0,0.0,0.0,7,0,2021-01-03,3
28033,20,101183.67,2600.0,2988.0,44.0,28,10,2021-01-03,3
28034,20,35906.02,730.0,3470.0,18.0,17,4,2021-01-03,3
28035,20,1182.34,10.0,0.0,0.0,2,0,2021-01-03,3
28036,20,12836.62,276.0,84.0,4.0,11,2,2021-01-03,3
28062,103,2168.9,8.0,0.0,0.0,4,0,2021-01-03,3
28089,20,36495.2,1642.0,1420.0,13.0,7,2,2021-01-03,3
28092,112,4555.55,24.0,0.0,0.0,1,0,2021-01-03,3
28137,125,2515.0,3.0,0.0,0.0,4,0,2021-01-03,3
28192,81,12922.39,379.0,0.0,0.0,5,0,2021-01-03,3
28193,103,2941.18,64.0,0.0,0.0,1,0,2021-01-03,3
28194,"19,103",1660.63,5.0,0.0,0.0,3,0,2021-01-03,3
28198,,14557.5,87.0,0.0,0.0,2,0,2021-01-03,3
28203,19,525.89,2.0,0.0,0.0,1,0,2021-01-03,3
28209,19,2120.56,4.0,0.0,0.0,4,0,2021-01-03,3
28212,103,1558.8,4.0,0.0,0.0,3,0,2021-01-03,3
28215,103,12352.51,191.0,156.0,5.0,6,1,2021-01-03,3
28216,103,4548.75,11.0,0.0,0.0,9,0,2021-01-03,3
28218,19,2139.4,4.0,0.0,0.0,4,0,2021-01-03,3
28219,112,2928.39,11.0,0.0,0.0,4,0,2021-01-03,3
28222,"20,83",3866.64,62.0,0.0,0.0,2,0,2021-01-03,3
28280,19,11708.09,66.0,0.0,0.0,17,0,2021-01-03,3
28382,126,18380.9,217.0,24.0,2.0,11,1,2021-01-03,3
28395,103,6944.36,74.0,128.0,1.0,5,1,2021-01-03,3
28397,103,2941.18,28.0,0.0,0.0,1,0,2021-01-03,3
28406,25,1706.44,4.0,0.0,0.0,5,0,2021-01-03,3
28418,19,3048.61,13.0,0.0,0.0,5,0,2021-01-03,3
28459,25,13133.39,220.0,946.0,9.0,2,2,2021-01-03,3
28463,25,5951.11,37.0,0.0,0.0,4,0,2021-01-03,3
28464,20,28322.61,548.0,472.0,5.0,11,2,2021-01-03,3
23509,20,79970.91,3572.0,5760.0,40.0,21,8,2021-01-04,3
23552,20,19826.96,563.0,932.0,10.0,4,2,2021-01-04,3
25140,"-1,82",5771.37,139.0,256.0,1.0,2,1,2021-01-04,3
25547,20,23196.46,875.0,828.0,6.0,5,1,2021-01-04,3
25562,20,52189.33,2268.0,2694.0,49.0,7,3,2021-01-04,3
25825,20,201275.67,7504.0,47012.0,119.0,33,19,2021-01-04,3
25907,20,18714.71,649.0,808.0,7.0,6,0,2021-01-04,3
25912,"-1,20",99621.65,1730.0,6000.0,59.0,13,3,2021-01-04,3
25919,103,12231.44,118.0,624.0,4.0,3,1,2021-01-04,3
26109,-1,3232.14,98.0,0.0,0.0,1,0,2021-01-04,3
26445,"-1,20",906.44,5.0,0.0,0.0,2,0,2021-01-04,3
26503,103,5863.27,34.0,30.0,1.0,3,1,2021-01-04,3
26853,103,31953.88,359.0,1862.0,16.0,12,4,2021-01-04,3
27001,"-1,103",15911.05,123.0,676.0,8.0,6,1,2021-01-04,3
27383,67,15059.92,155.0,582.0,4.0,12,2,2021-01-04,3
27434,20,106239.49,3722.0,5378.0,61.0,20,11,2021-01-04,3
27575,19,3027.66,36.0,30.0,1.0,5,1,2021-01-04,3
27630,103,30913.38,677.0,3936.0,30.0,3,1,2021-01-04,3
27672,20,242508.89,8817.0,18216.0,125.0,41,21,2021-01-04,3
27689,103,2611.4,44.0,54.0,2.0,2,2,2021-01-04,3
27703,103,204118.9,3208.0,10520.0,72.0,52,14,2021-01-04,3
27715,20,8005.36,271.0,288.0,8.0,1,1,2021-01-04,3
27748,103,709.52,7.0,42.0,1.0,3,0,2021-01-04,3
27768,19,26738.17,430.0,176.0,5.0,12,1,2021-01-04,3
27778,103,1156.17,23.0,0.0,0.0,1,0,2021-01-04,3
27795,19,8489.13,107.0,66.0,3.0,3,1,2021-01-04,3
27824,103,9032.79,108.0,0.0,0.0,12,0,2021-01-04,3
27875,20,12836.62,412.0,2296.0,16.0,1,1,2021-01-04,3
27881,20,32783.28,401.0,1184.0,6.0,12,2,2021-01-04,3
27888,103,10409.05,160.0,520.0,5.0,3,1,2021-01-04,3
27944,103,23476.8,553.0,490.0,9.0,12,1,2021-01-04,3
27945,19,77965.03,914.0,8828.0,37.0,29,5,2021-01-04,3
27952,20,32005.21,1087.0,632.0,7.0,8,2,2021-01-04,3
27970,20,879.7,45.0,220.0,2.0,1,0,2021-01-04,3
27985,19,3960.77,21.0,0.0,0.0,4,0,2021-01-04,3
28012,103,408.39,4.0,0.0,0.0,1,0,2021-01-04,3
28017,20,34773.01,852.0,1072.0,10.0,8,2,2021-01-04,3
28018,20,25827.87,774.0,494.0,11.0,8,2,2021-01-04,3
28032,25,4224.13,77.0,24.0,2.0,3,0,2021-01-04,3
28033,20,78694.93,2185.0,1644.0,32.0,22,7,2021-01-04,3
28034,20,20133.75,411.0,604.0,10.0,9,2,2021-01-04,3
28035,20,1182.34,10.0,0.0,0.0,2,0,2021-01-04,3
28036,20,9737.46,265.0,36.0,3.0,5,1,2021-01-04,3
28089,20,42527.4,2167.0,2162.0,24.0,8,4,2021-01-04,3
28092,112,4573.88,23.0,48.0,4.0,1,0,2021-01-04,3
28137,125,637.45,1.0,0.0,0.0,1,0,2021-01-04,3
28192,81,8510.63,120.0,0.0,0.0,4,0,2021-01-04,3
28193,103,2941.18,64.0,0.0,0.0,1,0,2021-01-04,3
28215,103,54093.35,884.0,1536.0,20.0,11,5,2021-01-04,3
28280,19,7631.52,42.0,0.0,0.0,11,0,2021-01-04,3
28382,126,22831.31,319.0,54.0,3.0,12,2,2021-01-04,3
28388,126,5771.37,146.0,0.0,0.0,2,0,2021-01-04,3
28395,103,8330.11,86.0,128.0,1.0,7,1,2021-01-04,3
28397,103,2941.18,28.0,0.0,0.0,1,0,2021-01-04,3
28406,25,2434.78,4.0,0.0,0.0,6,0,2021-01-04,3
28418,19,8917.75,35.0,0.0,0.0,7,0,2021-01-04,3
28459,25,30353.91,430.0,3204.0,26.0,4,4,2021-01-04,3
28462,19,1342.01,2.0,0.0,0.0,2,0,2021-01-04,3
28463,25,13556.49,54.0,0.0,0.0,8,0,2021-01-04,3
28464,20,45327.01,914.0,702.0,8.0,17,4,2021-01-04,3
23509,20,68008.82,2836.0,3834.0,34.0,17,6,2021-01-05,3
23552,20,15653.66,485.0,324.0,3.0,3,2,2021-01-05,3
25140,"-1,82",8712.55,214.0,3116.0,2.0,2,1,2021-01-05,3
25547,20,25915.66,1051.0,2940.0,12.0,5,1,2021-01-05,3
25562,20,43262.2,1955.0,2378.0,27.0,5,3,2021-01-05,3
25825,20,200889.7,7568.0,44620.0,92.0,40,13,2021-01-05,3
25907,20,18714.71,718.0,936.0,7.0,6,1,2021-01-05,3
25912,"-1,20",126670.77,2266.0,13102.0,105.0,12,3,2021-01-05,3
25919,103,7329.48,68.0,0.0,0.0,3,0,2021-01-05,3
26109,-1,2672.21,83.0,0.0,0.0,1,0,2021-01-05,3
26445,"-1,20",9208.82,156.0,158.0,1.0,1,1,2021-01-05,3
26503,103,3363.07,24.0,30.0,1.0,2,1,2021-01-05,3
26853,103,30483.31,400.0,1938.0,14.0,12,3,2021-01-05,3
27001,"-1,103",17479.17,135.0,724.0,12.0,7,1,2021-01-05,3
27383,67,13235.55,122.0,612.0,5.0,15,3,2021-01-05,3
27434,20,97383.03,3336.0,8446.0,70.0,18,11,2021-01-05,3
27575,19,3027.66,36.0,30.0,1.0,5,1,2021-01-05,3
27630,103,33033.43,778.0,13508.0,49.0,2,1,2021-01-05,3
27672,20,222497.65,8174.0,23298.0,128.0,39,20,2021-01-05,3
27689,103,2457.02,33.0,12.0,1.0,1,1,2021-01-05,3
27703,103,196843.78,3133.0,16186.0,88.0,46,15,2021-01-05,3
27715,20,7950.85,270.0,288.0,8.0,1,1,2021-01-05,3
27748,103,5951.12,47.0,42.0,1.0,6,0,2021-01-05,3
27767,103,2927.15,19.0,128.0,1.0,1,1,2021-01-05,3
27768,19,25479.72,426.0,182.0,4.0,11,1,2021-01-05,3
27795,19,4537.52,61.0,0.0,0.0,2,0,2021-01-05,3
27824,103,6093.92,93.0,238.0,4.0,5,1,2021-01-05,3
27875,20,27367.9,683.0,5052.0,9.0,10,1,2021-01-05,3
27881,20,40248.79,601.0,2686.0,20.0,10,3,2021-01-05,3
27888,103,16119.4,203.0,520.0,5.0,6,1,2021-01-05,3
27944,103,22745.05,543.0,592.0,10.0,11,1,2021-01-05,3
27945,19,102535.41,1258.0,19162.0,53.0,33,7,2021-01-05,3
27952,20,42272.73,1589.0,1080.0,17.0,8,2,2021-01-05,3
27970,20,717.58,39.0,110.0,1.0,1,0,2021-01-05,3
27985,19,1541.18,10.0,0.0,0.0,3,0,2021-01-05,3
28012,103,408.39,4.0,0.0,0.0,1,0,2021-01-05,3
28017,20,24312.26,669.0,72.0,3.0,7,1,2021-01-05,3
28018,20,18996.06,636.0,156.0,7.0,7,2,2021-01-05,3
28032,25,6798.77,173.0,48.0,4.0,2,0,2021-01-05,3
28033,20,72372.91,2026.0,2232.0,34.0,22,7,2021-01-05,3
28034,20,15886.63,352.0,472.0,7.0,7,2,2021-01-05,3
28035,20,8844.39,129.0,0.0,0.0,7,0,2021-01-05,3
28036,20,3385.54,110.0,12.0,1.0,3,0,2021-01-05,3
28089,20,43157.05,2353.0,3064.0,26.0,8,4,2021-01-05,3
28092,112,3761.94,20.0,48.0,4.0,1,0,2021-01-05,3
28127,103,7339.17,29.0,30.0,1.0,3,1,2021-01-05,3
28137,125,184.05,0.0,0.0,0.0,1,0,2021-01-05,3
28192,81,5799.71,91.0,0.0,0.0,3,0,2021-01-05,3
28193,103,8712.55,123.0,662.0,2.0,3,1,2021-01-05,3
28215,103,114207.01,1778.0,7666.0,58.0,29,10,2021-01-05,3
28222,"20,83",5771.37,73.0,12.0,1.0,2,1,2021-01-05,3
28280,19,8100.5,42.0,0.0,0.0,13,0,2021-01-05,3
28382,126,14078.92,248.0,122.0,3.0,7,2,2021-01-05,3
28388,126,5771.37,146.0,30.0,1.0,2,0,2021-01-05,3
28395,103,6409.75,58.0,0.0,0.0,8,0,2021-01-05,3
28406,25,1476.98,0.0,0.0,0.0,4,0,2021-01-05,3
28418,19,10187.64,29.0,208.0,3.0,7,0,2021-01-05,3
28459,25,36941.92,505.0,3696.0,30.0,8,3,2021-01-05,3
28462,19,1342.01,2.0,0.0,0.0,2,0,2021-01-05,3
28463,25,12374.56,53.0,0.0,0.0,9,0,2021-01-05,3
28464,20,47014.06,980.0,1028.0,11.0,16,4,2021-01-05,3
28481,20,37786.73,1017.0,450.0,5.0,9,2,2021-01-05,3
28494,20,26957.8,1047.0,72.0,1.0,9,1,2021-01-05,3
22316,"-1,19",594.94,5.0,0.0,0.0,1,0,2021-01-06,3
23509,20,47097.23,2049.0,858.0,21.0,11,5,2021-01-06,3
23552,20,12427.29,409.0,128.0,1.0,3,1,2021-01-06,3
24402,22,29411.76,803.0,664.0,5.0,1,1,2021-01-06,3
25140,"-1,82",8712.55,214.0,3176.0,4.0,2,1,2021-01-06,3
25544,83,754.11,2.0,0.0,0.0,1,0,2021-01-06,3
25547,20,31576.04,1256.0,8764.0,17.0,5,1,2021-01-06,3
25562,20,28555.69,1451.0,1710.0,16.0,3,3,2021-01-06,3
25825,20,143073.0,5696.0,8656.0,61.0,24,9,2021-01-06,3
25907,20,14594.99,584.0,254.0,4.0,6,1,2021-01-06,3
25912,"-1,20",110526.12,2179.0,17150.0,82.0,11,3,2021-01-06,3
25919,103,4192.23,33.0,0.0,0.0,2,0,2021-01-06,3
26109,-1,1629.94,55.0,0.0,0.0,1,0,2021-01-06,3
26445,"-1,20",9208.82,156.0,230.0,2.0,1,1,2021-01-06,3
26853,103,35114.18,402.0,1892.0,7.0,18,3,2021-01-06,3
27001,"-1,103",4926.84,34.0,0.0,0.0,5,0,2021-01-06,3
27383,67,10320.74,73.0,42.0,2.0,14,2,2021-01-06,3
27410,103,882.35,15.0,0.0,0.0,1,0,2021-01-06,3
27434,20,49326.17,1789.0,2548.0,29.0,11,5,2021-01-06,3
27504,103,979.95,7.0,0.0,0.0,3,0,2021-01-06,3
27536,103,439.23,6.0,0.0,0.0,2,0,2021-01-06,3
27575,19,3027.66,36.0,30.0,1.0,5,1,2021-01-06,3
27630,103,32592.71,663.0,9564.0,30.0,6,1,2021-01-06,3
27672,20,157362.39,5987.0,25472.0,95.0,29,12,2021-01-06,3
27675,22,3227.08,71.0,110.0,1.0,1,1,2021-01-06,3
27689,103,3260.35,36.0,12.0,1.0,2,1,2021-01-06,3
27703,103,211836.65,3353.0,44850.0,79.0,54,14,2021-01-06,3
27715,20,6083.6,215.0,96.0,8.0,1,1,2021-01-06,3
27748,103,6302.4,43.0,12.0,1.0,5,0,2021-01-06,3
27767,103,6234.78,40.0,256.0,2.0,2,1,2021-01-06,3
27768,19,21499.04,269.0,24.0,2.0,10,1,2021-01-06,3
27796,19,512.36,5.0,0.0,0.0,1,0,2021-01-06,3
27798,19,313.92,2.0,0.0,0.0,1,0,2021-01-06,3
27824,103,2657.64,36.0,140.0,3.0,4,1,2021-01-06,3
27875,20,24426.72,588.0,2924.0,5.0,10,1,2021-01-06,3
27881,20,34374.99,668.0,1444.0,26.0,9,2,2021-01-06,3
27888,103,7279.41,66.0,0.0,0.0,5,0,2021-01-06,3
27944,103,17546.51,473.0,992.0,10.0,4,1,2021-01-06,3
27945,19,116941.13,1432.0,33776.0,69.0,44,10,2021-01-06,3
27952,20,42272.73,1589.0,1128.0,21.0,8,2,2021-01-06,3
27970,20,717.58,39.0,532.0,5.0,1,0,2021-01-06,3
27985,19,1541.18,10.0,0.0,0.0,3,0,2021-01-06,3
28000,19,5961.08,52.0,0.0,0.0,3,0,2021-01-06,3
28017,20,2361.16,136.0,72.0,2.0,1,0,2021-01-06,3
28018,20,9889.5,354.0,180.0,6.0,5,1,2021-01-06,3
28032,25,6798.77,173.0,48.0,4.0,2,0,2021-01-06,3
28033,20,52173.05,1563.0,6446.0,48.0,10,6,2021-01-06,3
28034,20,6097.58,95.0,426.0,3.0,4,1,2021-01-06,3
28035,20,14366.63,253.0,244.0,4.0,6,1,2021-01-06,3
28089,20,36736.3,2137.0,3322.0,28.0,6,3,2021-01-06,3
28092,112,2439.43,19.0,48.0,4.0,1,0,2021-01-06,3
28126,22,5882.36,210.0,30.0,1.0,2,1,2021-01-06,3
28127,103,7907.03,33.0,30.0,1.0,4,1,2021-01-06,3
28138,22,10784.32,335.0,12.0,1.0,3,1,2021-01-06,3
28192,81,2410.47,62.0,0.0,0.0,2,0,2021-01-06,3
28193,103,45689.81,614.0,1780.0,10.0,17,4,2021-01-06,3
28194,"19,103",3149.21,12.0,0.0,0.0,1,0,2021-01-06,3
28202,81,1278.03,2.0,0.0,0.0,1,0,2021-01-06,3
28215,103,184764.59,2588.0,18974.0,124.0,55,16,2021-01-06,3
28216,103,417.49,1.0,0.0,0.0,2,0,2021-01-06,3
28219,112,575.18,5.0,30.0,1.0,1,1,2021-01-06,3
28222,"20,83",5771.37,73.0,24.0,2.0,2,1,2021-01-06,3
28280,19,7282.77,39.0,12.0,1.0,12,0,2021-01-06,3
28382,126,6029.19,127.0,196.0,2.0,4,1,2021-01-06,3
28388,126,5771.37,146.0,30.0,1.0,2,0,2021-01-06,3
28395,103,8231.88,52.0,68.0,1.0,9,1,2021-01-06,3
28397,103,1675.87,3.0,0.0,0.0,2,0,2021-01-06,3
28406,25,1835.69,7.0,0.0,0.0,3,0,2021-01-06,3
28418,19,10543.95,34.0,208.0,3.0,8,0,2021-01-06,3
28459,25,40969.7,520.0,1538.0,21.0,15,6,2021-01-06,3
28462,19,7157.97,29.0,0.0,0.0,8,0,2021-01-06,3
28463,25,12282.77,50.0,0.0,0.0,13,0,2021-01-06,3
28464,20,38190.52,885.0,462.0,7.0,14,3,2021-01-06,3
28481,20,41735.51,1195.0,1256.0,12.0,11,2,2021-01-06,3
28494,20,30620.1,1067.0,532.0,7.0,10,1,2021-01-06,3
28522,19,8564.39,55.0,0.0,0.0,9,0,2021-01-06,3
28524,103,10820.95,86.0,0.0,0.0,10,0,2021-01-06,3
28531,125,1594.74,0.0,0.0,0.0,3,0,2021-01-06,3
28535,103,5917.1,47.0,12.0,1.0,4,1,2021-01-06,3
28538,103,3612.05,14.0,0.0,0.0,6,0,2021-01-06,3
28541,103,2782.22,22.0,188.0,1.0,2,1,2021-01-06,3
28545,22,6661.99,79.0,0.0,0.0,2,0,2021-01-06,3
28546,19,4685.74,22.0,0.0,0.0,3,0,2021-01-06,3
22316,"-1,19",594.94,5.0,0.0,0.0,1,0,2021-01-07,3
23509,20,31116.57,1255.0,402.0,6.0,7,2,2021-01-07,3
24402,22,37831.37,1207.0,1966.0,17.0,2,2,2021-01-07,3
25140,"-1,82",8712.55,214.0,3176.0,4.0,2,1,2021-01-07,3
25544,83,754.11,2.0,0.0,0.0,1,0,2021-01-07,3
25547,20,22752.51,912.0,7148.0,12.0,4,1,2021-01-07,3
25562,20,11165.37,526.0,244.0,3.0,2,1,2021-01-07,3
25825,20,105884.67,4026.0,6130.0,27.0,24,7,2021-01-07,3
25907,20,3900.87,124.0,42.0,1.0,2,1,2021-01-07,3
25912,"-1,20",49810.21,1104.0,2242.0,21.0,9,2,2021-01-07,3
26109,-1,867.02,23.0,0.0,0.0,1,0,2021-01-07,3
26241,103,1665.77,4.0,0.0,0.0,1,0,2021-01-07,3
26445,"-1,20",9208.82,156.0,418.0,2.0,1,1,2021-01-07,3
26503,103,2529.41,21.0,256.0,1.0,3,1,2021-01-07,3
26853,103,38608.18,420.0,374.0,7.0,18,4,2021-01-07,3
27001,"-1,103",2447.7,18.0,0.0,0.0,3,0,2021-01-07,3
27383,67,8792.92,52.0,42.0,2.0,12,2,2021-01-07,3
27410,103,882.35,15.0,0.0,0.0,1,0,2021-01-07,3
27434,20,12818.87,432.0,494.0,7.0,4,2,2021-01-07,3
27504,103,2338.2,14.0,0.0,0.0,4,0,2021-01-07,3
27536,103,1054.31,13.0,0.0,0.0,2,0,2021-01-07,3
27630,103,28740.48,387.0,1080.0,10.0,16,3,2021-01-07,3
27672,20,72212.26,2557.0,11248.0,35.0,15,5,2021-01-07,3
27675,22,18632.88,495.0,340.0,4.0,5,1,2021-01-07,3
27689,103,803.33,3.0,0.0,0.0,1,0,2021-01-07,3
27703,103,240328.25,3816.0,36722.0,75.0,67,14,2021-01-07,3
27715,20,7322.09,236.0,168.0,8.0,1,1,2021-01-07,3
27742,103,972.69,8.0,0.0,0.0,1,0,2021-01-07,3
27748,103,6784.09,44.0,42.0,1.0,5,0,2021-01-07,3
27767,103,6234.78,40.0,256.0,2.0,2,1,2021-01-07,3
27768,19,10010.86,92.0,12.0,1.0,7,1,2021-01-07,3
27796,19,6177.36,44.0,98.0,1.0,3,1,2021-01-07,3
27798,19,1710.48,14.0,0.0,0.0,2,0,2021-01-07,3
27824,103,11878.66,119.0,98.0,1.0,8,1,2021-01-07,3
27875,20,21485.54,496.0,3304.0,3.0,10,1,2021-01-07,3
27881,20,23266.17,518.0,1436.0,24.0,7,2,2021-01-07,3
27888,103,6433.99,44.0,0.0,0.0,4,0,2021-01-07,3
27907,103,1262.79,8.0,48.0,1.0,2,1,2021-01-07,3
27929,25,3282.5,18.0,0.0,0.0,2,0,2021-01-07,3
27944,103,9056.06,189.0,30.0,1.0,4,0,2021-01-07,3
27945,19,127783.28,1503.0,17452.0,64.0,54,11,2021-01-07,3
27947,25,3353.98,19.0,244.0,2.0,2,1,2021-01-07,3
27952,20,27767.28,1020.0,382.0,12.0,6,2,2021-01-07,3
27967,19,1858.21,3.0,0.0,0.0,2,0,2021-01-07,3
27970,20,717.58,39.0,54.0,2.0,1,0,2021-01-07,3
27977,25,1566.15,10.0,0.0,0.0,2,0,2021-01-07,3
27980,19,1709.05,6.0,0.0,0.0,2,0,2021-01-07,3
28000,19,5961.08,52.0,0.0,0.0,3,0,2021-01-07,3
28017,20,2361.16,136.0,72.0,2.0,1,0,2021-01-07,3
28018,20,4727.57,207.0,120.0,4.0,3,1,2021-01-07,3
28032,25,2724.53,98.0,12.0,1.0,1,0,2021-01-07,3
28033,20,30624.15,972.0,6496.0,27.0,8,3,2021-01-07,3
28034,20,3144.29,68.0,114.0,1.0,2,0,2021-01-07,3
28035,20,14518.64,254.0,340.0,4.0,7,1,2021-01-07,3
28089,20,15865.71,946.0,1156.0,15.0,4,2,2021-01-07,3
28092,112,1593.68,13.0,0.0,0.0,1,0,2021-01-07,3
28126,22,8823.54,363.0,60.0,2.0,2,1,2021-01-07,3
28127,103,7907.03,33.0,30.0,1.0,4,1,2021-01-07,3
28138,22,10784.32,335.0,72.0,2.0,3,1,2021-01-07,3
28193,103,49020.68,669.0,2234.0,14.0,18,4,2021-01-07,3
28194,"19,103",3149.21,12.0,0.0,0.0,1,0,2021-01-07,3
28202,81,1278.03,2.0,0.0,0.0,1,0,2021-01-07,3
28209,19,561.24,1.0,0.0,0.0,1,0,2021-01-07,3
28212,103,615.17,5.0,0.0,0.0,1,0,2021-01-07,3
28215,103,213436.62,2826.0,22790.0,177.0,60,17,2021-01-07,3
28216,103,2343.5,13.0,0.0,0.0,3,0,2021-01-07,3
28218,19,1023.36,5.0,0.0,0.0,1,0,2021-01-07,3
28219,112,12440.24,87.0,416.0,2.0,16,1,2021-01-07,3
28222,"20,83",5771.37,73.0,24.0,2.0,2,1,2021-01-07,3
28280,19,4163.86,15.0,12.0,1.0,9,0,2021-01-07,3
28382,126,6959.01,124.0,196.0,2.0,3,1,2021-01-07,3
28388,126,5771.37,146.0,158.0,1.0,2,0,2021-01-07,3
28395,103,6889.42,38.0,422.0,3.0,9,1,2021-01-07,3
28397,103,2595.53,10.0,0.0,0.0,3,0,2021-01-07,3
28406,25,5195.29,28.0,0.0,0.0,5,0,2021-01-07,3
28418,19,12205.95,46.0,292.0,5.0,9,1,2021-01-07,3
28459,25,40486.58,422.0,974.0,13.0,20,6,2021-01-07,3
28462,19,8565.37,36.0,0.0,0.0,10,0,2021-01-07,3
28463,25,12550.83,38.0,12.0,1.0,13,0,2021-01-07,3
28464,20,22886.76,508.0,432.0,6.0,8,2,2021-01-07,3
28481,20,42402.1,1202.0,1742.0,12.0,11,2,2021-01-07,3
28494,20,31103.81,1070.0,812.0,7.0,11,1,2021-01-07,3
28522,19,13622.44,95.0,0.0,0.0,10,0,2021-01-07,3
28524,103,12768.28,99.0,60.0,1.0,12,0,2021-01-07,3
28531,125,1594.74,0.0,0.0,0.0,3,0,2021-01-07,3
28532,103,3182.08,22.0,0.0,0.0,3,0,2021-01-07,3
28535,103,18152.7,163.0,122.0,2.0,11,2,2021-01-07,3
28538,103,13756.43,103.0,12.0,1.0,11,1,2021-01-07,3
28541,103,214492.12,3105.0,4354.0,29.0,39,10,2021-01-07,3
28545,22,23494.48,273.0,0.0,0.0,7,0,2021-01-07,3
28546,19,17820.02,78.0,12.0,1.0,12,1,2021-01-07,3
28577,26,4625.08,26.0,0.0,0.0,5,0,2021-01-07,3
28578,127,22265.59,629.0,504.0,4.0,10,3,2021-01-07,3
28579,127,36500.58,958.0,724.0,6.0,9,4,2021-01-07,3
28587,19,10252.4,134.0,30.0,1.0,3,1,2021-01-07,3
28590,103,9083.93,150.0,0.0,0.0,4,0,2021-01-07,3
22316,"-1,19",1105.43,10.0,0.0,0.0,2,0,2021-01-08,3
23067,19,671.54,8.0,0.0,0.0,1,0,2021-01-08,3
23509,20,28286.38,1064.0,222.0,6.0,7,2,2021-01-08,3
24402,22,41099.02,1337.0,2848.0,28.0,2,2,2021-01-08,3
25140,"-1,82",3958.9,82.0,84.0,3.0,2,0,2021-01-08,3
25544,83,754.11,2.0,0.0,0.0,1,0,2021-01-08,3
25547,20,11320.76,439.0,2828.0,4.0,2,1,2021-01-08,3
25562,20,8523.86,362.0,232.0,2.0,2,1,2021-01-08,3
25825,20,64539.31,2511.0,3844.0,6.0,21,0,2021-01-08,3
25907,20,3900.87,124.0,42.0,1.0,2,1,2021-01-08,3
25912,"-1,20",47058.48,975.0,3260.0,20.0,8,2,2021-01-08,3
26241,103,1665.77,4.0,0.0,0.0,1,0,2021-01-08,3
26445,"-1,20",9208.82,156.0,614.0,2.0,1,1,2021-01-08,3
26503,103,11978.91,94.0,632.0,2.0,9,1,2021-01-08,3
26853,103,52117.03,586.0,3170.0,14.0,23,4,2021-01-08,3
27001,"-1,103",4133.66,20.0,0.0,0.0,5,0,2021-01-08,3
27015,103,5544.01,52.0,0.0,0.0,2,0,2021-01-08,3
27383,67,4782.01,21.0,30.0,1.0,8,1,2021-01-08,3
27410,103,5779.75,47.0,0.0,0.0,4,0,2021-01-08,3
27434,20,4622.64,127.0,90.0,2.0,1,1,2021-01-08,3
27500,19,2112.43,9.0,0.0,0.0,1,0,2021-01-08,3
27504,103,2338.2,14.0,0.0,0.0,4,0,2021-01-08,3
27536,103,1054.31,13.0,0.0,0.0,2,0,2021-01-08,3
27584,,1325.58,6.0,0.0,0.0,1,0,2021-01-08,3
27630,103,27259.13,270.0,2584.0,10.0,16,3,2021-01-08,3
27672,20,32482.18,1047.0,5098.0,10.0,9,3,2021-01-08,3
27675,22,21900.53,673.0,1110.0,7.0,5,1,2021-01-08,3
27689,103,3841.16,48.0,42.0,1.0,3,1,2021-01-08,3
27703,103,214132.99,3383.0,16686.0,74.0,59,15,2021-01-08,3
27715,20,4841.98,170.0,1122.0,3.0,1,1,2021-01-08,3
27742,103,972.69,8.0,0.0,0.0,1,0,2021-01-08,3
27748,103,6784.09,44.0,42.0,1.0,5,0,2021-01-08,3
27767,103,6234.78,40.0,256.0,2.0,2,1,2021-01-08,3
27768,19,6342.83,60.0,0.0,0.0,4,0,2021-01-08,3
27778,103,508.86,8.0,0.0,0.0,1,0,2021-01-08,3
27796,19,9948.75,82.0,110.0,1.0,5,1,2021-01-08,3
27798,19,1710.48,14.0,0.0,0.0,2,0,2021-01-08,3
27824,103,16535.9,189.0,98.0,1.0,9,1,2021-01-08,3
27875,20,16813.69,356.0,72.0,2.0,9,0,2021-01-08,3
27881,20,16087.07,418.0,1100.0,22.0,4,1,2021-01-08,3
27888,103,6433.99,44.0,0.0,0.0,4,0,2021-01-08,3
27907,103,6764.39,36.0,648.0,1.0,8,1,2021-01-08,3
27929,25,3282.5,18.0,0.0,0.0,2,0,2021-01-08,3
27944,103,6018.95,62.0,0.0,0.0,3,0,2021-01-08,3
27945,19,107254.48,1287.0,5200.0,36.0,51,9,2021-01-08,3
27947,25,6933.97,36.0,298.0,4.0,7,1,2021-01-08,3
27952,20,10267.52,502.0,164.0,3.0,3,1,2021-01-08,3
27967,19,1858.21,3.0,0.0,0.0,2,0,2021-01-08,3
27977,25,1566.15,10.0,0.0,0.0,2,0,2021-01-08,3
27980,19,1709.05,6.0,0.0,0.0,2,0,2021-01-08,3
28000,19,5961.08,52.0,0.0,0.0,3,0,2021-01-08,3
28018,20,514.6,28.0,0.0,0.0,2,0,2021-01-08,3
28032,25,2724.53,98.0,0.0,0.0,1,0,2021-01-08,3
28033,20,16029.24,452.0,5262.0,13.0,6,2,2021-01-08,3
28034,20,2941.18,61.0,0.0,0.0,1,0,2021-01-08,3
28035,20,14703.22,254.0,716.0,6.0,7,1,2021-01-08,3
28089,20,5471.7,352.0,684.0,5.0,2,0,2021-01-08,3
28092,112,1061.97,10.0,0.0,0.0,1,0,2021-01-08,3
28126,22,8823.54,363.0,60.0,2.0,2,1,2021-01-08,3
28127,103,8293.24,36.0,30.0,1.0,5,1,2021-01-08,3
28138,22,10784.32,335.0,72.0,2.0,3,1,2021-01-08,3
28193,103,49981.3,679.0,3050.0,15.0,19,4,2021-01-08,3
28194,"19,103",3149.21,12.0,0.0,0.0,1,0,2021-01-08,3
28202,81,1278.03,2.0,0.0,0.0,1,0,2021-01-08,3
28209,19,561.24,1.0,0.0,0.0,1,0,2021-01-08,3
28212,103,615.17,5.0,0.0,0.0,1,0,2021-01-08,3
28215,103,207193.61,2466.0,22180.0,180.0,59,14,2021-01-08,3
28216,103,2343.5,13.0,0.0,0.0,3,0,2021-01-08,3
28218,19,1023.36,5.0,0.0,0.0,1,0,2021-01-08,3
28219,112,12440.24,87.0,732.0,2.0,16,1,2021-01-08,3
28222,"20,83",5771.37,73.0,24.0,2.0,2,1,2021-01-08,3
28280,19,4163.86,15.0,12.0,1.0,9,0,2021-01-08,3
28382,126,1744.22,15.0,0.0,0.0,1,0,2021-01-08,3
28395,103,5003.11,21.0,324.0,2.0,7,1,2021-01-08,3
28397,103,7964.22,50.0,416.0,4.0,4,1,2021-01-08,3
28406,25,4466.95,28.0,188.0,1.0,4,0,2021-01-08,3
28418,19,6336.81,24.0,280.0,2.0,8,1,2021-01-08,3
28459,25,23266.06,212.0,230.0,4.0,18,4,2021-01-08,3
28462,19,7223.36,34.0,0.0,0.0,8,0,2021-01-08,3
28463,25,5277.53,25.0,0.0,0.0,8,0,2021-01-08,3
28464,20,5882.36,142.0,0.0,0.0,2,0,2021-01-08,3
28481,20,45579.33,1409.0,3684.0,14.0,11,2,2021-01-08,3
28494,20,33777.34,1134.0,812.0,7.0,12,1,2021-01-08,3
28522,19,13622.44,95.0,0.0,0.0,10,0,2021-01-08,3
28524,103,12768.28,99.0,60.0,1.0,12,0,2021-01-08,3
28531,125,1594.74,0.0,0.0,0.0,3,0,2021-01-08,3
28532,103,3182.08,22.0,0.0,0.0,3,0,2021-01-08,3
28535,103,25255.52,225.0,262.0,4.0,14,2,2021-01-08,3
28538,103,24271.27,200.0,304.0,4.0,12,1,2021-01-08,3
28541,103,415036.72,6548.0,39850.0,132.0,92,25,2021-01-08,3
28545,22,23494.48,273.0,42.0,2.0,7,0,2021-01-08,3
28546,19,20105.27,97.0,12.0,1.0,15,1,2021-01-08,3
28577,26,4625.08,26.0,0.0,0.0,5,0,2021-01-08,3
28578,127,255369.16,8676.0,3838.0,45.0,72,20,2021-01-08,3
28579,127,323550.01,7738.0,7346.0,86.0,80,31,2021-01-08,3
28587,19,21905.7,276.0,126.0,3.0,8,1,2021-01-08,3
28588,25,15181.27,117.0,68.0,1.0,7,1,2021-01-08,3
28590,103,158553.84,2949.0,4254.0,27.0,47,12,2021-01-08,3
28592,103,12670.7,243.0,116.0,1.0,5,1,2021-01-08,3
28594,19,22769.28,410.0,924.0,3.0,7,1,2021-01-08,3
28602,127,48507.48,1044.0,204.0,6.0,17,4,2021-01-08,3
28603,"-1,127",37531.79,471.0,578.0,6.0,11,4,2021-01-08,3
28604,127,26102.26,241.0,218.0,2.0,16,2,2021-01-08,3
28605,127,7903.94,93.0,0.0,0.0,7,0,2021-01-08,3
28607,"-1,127",3361.48,21.0,0.0,0.0,6,0,2021-01-08,3
28608,127,10105.28,144.0,72.0,2.0,7,2,2021-01-08,3
28609,127,13772.22,260.0,72.0,3.0,7,2,2021-01-08,3
28610,127,4791.62,14.0,0.0,0.0,6,0,2021-01-08,3
28612,127,8118.39,48.0,0.0,0.0,6,0,2021-01-08,3
28613,127,2472.59,24.0,0.0,0.0,2,0,2021-01-08,3
28614,127,3945.64,23.0,0.0,0.0,3,0,2021-01-08,3
28615,127,33064.63,595.0,230.0,5.0,9,3,2021-01-08,3
28618,127,7796.95,171.0,98.0,1.0,3,1,2021-01-08,3
28620,127,11853.63,288.0,90.0,2.0,6,2,2021-01-08,3
28640,103,3632.37,16.0,0.0,0.0,2,0,2021-01-08,3
22316,"-1,19",4865.97,39.0,0.0,0.0,6,0,2021-01-09,3
23067,19,671.54,8.0,0.0,0.0,1,0,2021-01-09,3
23509,20,7723.87,279.0,24.0,2.0,4,1,2021-01-09,3
23846,20,121.58,0.0,0.0,0.0,1,0,2021-01-09,3
24402,22,41099.02,1337.0,3128.0,28.0,2,2,2021-01-09,3
25140,"-1,82",1017.72,7.0,0.0,0.0,1,0,2021-01-09,3
25544,83,754.11,2.0,0.0,0.0,1,0,2021-01-09,3
25547,20,5660.38,205.0,0.0,0.0,2,0,2021-01-09,3
25825,20,8061.08,249.0,1856.0,1.0,4,0,2021-01-09,3
25907,20,1227.34,5.0,0.0,0.0,1,0,2021-01-09,3
25912,"-1,20",19812.34,439.0,346.0,5.0,8,1,2021-01-09,3
26241,103,1665.77,4.0,0.0,0.0,1,0,2021-01-09,3
26503,103,14268.99,109.0,948.0,3.0,11,1,2021-01-09,3
26853,103,45060.97,518.0,4194.0,14.0,21,4,2021-01-09,3
27001,"-1,103",1685.96,2.0,0.0,0.0,2,0,2021-01-09,3
27015,103,6972.48,75.0,0.0,0.0,2,0,2021-01-09,3
27383,67,2647.97,14.0,0.0,0.0,4,0,2021-01-09,3
27410,103,5779.75,47.0,0.0,0.0,4,0,2021-01-09,3
27500,19,2112.43,9.0,0.0,0.0,1,0,2021-01-09,3
27504,103,2338.2,14.0,0.0,0.0,4,0,2021-01-09,3
27536,103,1054.31,13.0,0.0,0.0,2,0,2021-01-09,3
27584,,1325.58,6.0,0.0,0.0,1,0,2021-01-09,3
27630,103,25877.82,169.0,5792.0,12.0,16,2,2021-01-09,3
27672,20,9011.46,293.0,174.0,4.0,3,0,2021-01-09,3
27675,22,21900.53,673.0,1110.0,7.0,5,1,2021-01-09,3
27689,103,6437.11,82.0,144.0,2.0,3,1,2021-01-09,3
27703,103,190882.59,2958.0,17530.0,68.0,55,12,2021-01-09,3
27715,20,4733.44,163.0,1592.0,2.0,1,1,2021-01-09,3
27742,103,972.69,8.0,0.0,0.0,1,0,2021-01-09,3
27748,103,1542.49,4.0,0.0,0.0,2,0,2021-01-09,3
27767,103,3307.63,21.0,0.0,0.0,2,0,2021-01-09,3
27768,19,2352.37,19.0,0.0,0.0,2,0,2021-01-09,3
27778,103,508.86,8.0,0.0,0.0,1,0,2021-01-09,3
27796,19,9948.75,82.0,110.0,1.0,5,1,2021-01-09,3
27798,19,1710.48,14.0,0.0,0.0,2,0,2021-01-09,3
27824,103,15442.67,179.0,0.0,0.0,8,0,2021-01-09,3
27881,20,4901.96,164.0,134.0,4.0,1,1,2021-01-09,3
27888,103,723.64,1.0,0.0,0.0,1,0,2021-01-09,3
27907,103,8584.77,52.0,648.0,1.0,10,1,2021-01-09,3
27929,25,3282.5,18.0,0.0,0.0,2,0,2021-01-09,3
27944,103,4360.6,41.0,0.0,0.0,2,0,2021-01-09,3
27945,19,86404.24,1012.0,4820.0,39.0,44,7,2021-01-09,3
27947,25,6933.97,36.0,298.0,4.0,7,1,2021-01-09,3
27967,19,1858.21,3.0,0.0,0.0,2,0,2021-01-09,3
27977,25,1566.15,10.0,0.0,0.0,2,0,2021-01-09,3
27980,19,1709.05,6.0,0.0,0.0,2,0,2021-01-09,3
28000,19,5961.08,52.0,0.0,0.0,3,0,2021-01-09,3
28033,20,5771.37,201.0,146.0,3.0,2,1,2021-01-09,3
28035,20,6218.94,128.0,346.0,2.0,2,1,2021-01-09,3
28092,112,594.47,8.0,0.0,0.0,1,0,2021-01-09,3
28126,22,8823.54,363.0,60.0,2.0,2,1,2021-01-09,3
28127,103,1203.75,10.0,0.0,0.0,2,0,2021-01-09,3
28138,22,10784.32,335.0,108.0,5.0,3,1,2021-01-09,3
28193,103,45232.45,631.0,1494.0,11.0,20,3,2021-01-09,3
28194,"19,103",3149.21,12.0,0.0,0.0,1,0,2021-01-09,3
28202,81,1278.03,2.0,0.0,0.0,1,0,2021-01-09,3
28209,19,561.24,1.0,0.0,0.0,1,0,2021-01-09,3
28212,103,615.17,5.0,0.0,0.0,1,0,2021-01-09,3
28215,103,183409.85,1951.0,19798.0,150.0,50,11,2021-01-09,3
28216,103,2343.5,13.0,0.0,0.0,3,0,2021-01-09,3
28218,19,1023.36,5.0,0.0,0.0,1,0,2021-01-09,3
28219,112,12440.24,87.0,1808.0,2.0,16,1,2021-01-09,3
28280,19,3694.88,15.0,24.0,2.0,7,0,2021-01-09,3
28382,126,1744.22,15.0,0.0,0.0,1,0,2021-01-09,3
28395,103,3671.54,10.0,226.0,1.0,3,1,2021-01-09,3
28397,103,11492.77,105.0,714.0,6.0,6,1,2021-01-09,3
28406,25,4466.95,28.0,188.0,1.0,4,0,2021-01-09,3
28418,19,2848.23,18.0,280.0,2.0,5,1,2021-01-09,3
28459,25,13736.87,110.0,250.0,3.0,12,3,2021-01-09,3
28462,19,7223.36,34.0,0.0,0.0,8,0,2021-01-09,3
28463,25,4969.33,26.0,0.0,0.0,6,0,2021-01-09,3
28481,20,7792.6,392.0,0.0,0.0,4,0,2021-01-09,3
28494,20,6819.54,87.0,188.0,1.0,4,1,2021-01-09,3
28522,19,13622.44,95.0,0.0,0.0,10,0,2021-01-09,3
28524,103,12768.28,99.0,60.0,1.0,12,0,2021-01-09,3
28531,125,1594.74,0.0,0.0,0.0,3,0,2021-01-09,3
28532,103,3182.08,22.0,0.0,0.0,3,0,2021-01-09,3
28535,103,25845.21,226.0,456.0,8.0,14,2,2021-01-09,3
28538,103,30024.22,254.0,1080.0,7.0,12,1,2021-01-09,3
28541,103,522078.75,8214.0,104122.0,268.0,104,27,2021-01-09,3
28545,22,23494.48,273.0,42.0,2.0,7,0,2021-01-09,3
28546,19,20265.15,100.0,12.0,1.0,15,1,2021-01-09,3
28577,26,4625.08,26.0,0.0,0.0,5,0,2021-01-09,3
28578,127,372948.66,13461.0,12522.0,128.0,94,24,2021-01-09,3
28579,127,698173.81,15825.0,29842.0,272.0,128,44,2021-01-09,3
28587,19,21905.7,276.0,572.0,5.0,8,1,2021-01-09,3
28588,25,15906.84,127.0,148.0,3.0,7,1,2021-01-09,3
28590,103,337600.28,5780.0,16874.0,107.0,87,24,2021-01-09,3
28592,103,12670.7,243.0,256.0,2.0,5,1,2021-01-09,3
28594,19,44254.35,873.0,2132.0,13.0,15,4,2021-01-09,3
28602,127,84160.47,2634.0,1114.0,27.0,21,5,2021-01-09,3
28603,"-1,127",58837.21,744.0,1270.0,14.0,18,5,2021-01-09,3
28604,127,31845.66,364.0,604.0,4.0,16,2,2021-01-09,3
28605,127,9215.49,96.0,0.0,0.0,8,0,2021-01-09,3
28607,"-1,127",9132.85,241.0,0.0,0.0,8,0,2021-01-09,3
28608,127,23287.85,433.0,312.0,6.0,10,4,2021-01-09,3
28609,127,27631.84,452.0,1696.0,5.0,8,3,2021-01-09,3
28610,127,6475.72,19.0,0.0,0.0,7,0,2021-01-09,3
28612,127,8118.39,48.0,0.0,0.0,6,0,2021-01-09,3
28613,127,8242.36,150.0,0.0,0.0,4,0,2021-01-09,3
28614,127,3945.64,23.0,0.0,0.0,3,0,2021-01-09,3
28615,127,69399.51,1219.0,1176.0,16.0,21,3,2021-01-09,3
28618,127,57426.83,1396.0,1354.0,13.0,16,6,2021-01-09,3
28620,127,31506.71,818.0,398.0,3.0,12,3,2021-01-09,3
28638,19,4916.6,29.0,0.0,0.0,7,0,2021-01-09,3
28640,103,8744.75,47.0,0.0,0.0,6,0,2021-01-09,3
28653,127,10616.3,143.0,72.0,2.0,7,2,2021-01-09,3
28655,"-1,127",8813.69,156.0,128.0,1.0,2,1,2021-01-09,3
28657,103,13093.15,149.0,66.0,1.0,6,1,2021-01-09,3
28659,19,7346.02,59.0,0.0,0.0,7,0,2021-01-09,3
28662,103,1112.65,4.0,0.0,0.0,2,0,2021-01-09,3
28663,127,12944.81,294.0,102.0,2.0,6,2,2021-01-09,3
28669,25,4731.52,29.0,0.0,0.0,5,0,2021-01-09,3
28678,127,1353.34,5.0,0.0,0.0,1,0,2021-01-09,3
22316,"-1,19",10885.68,121.0,12.0,1.0,8,1,2021-01-10,3
23067,19,671.54,8.0,0.0,0.0,1,0,2021-01-10,3
23509,20,277.69,2.0,0.0,0.0,1,0,2021-01-10,3
23846,20,121.58,0.0,0.0,0.0,1,0,2021-01-10,3
24402,22,11687.26,534.0,508.0,9.0,2,2,2021-01-10,3
24445,67,1337.42,8.0,0.0,0.0,1,0,2021-01-10,3
25140,"-1,82",1017.72,7.0,0.0,0.0,1,0,2021-01-10,3
25547,20,2830.19,85.0,0.0,0.0,1,0,2021-01-10,3
25825,20,975.73,13.0,0.0,0.0,1,0,2021-01-10,3
25912,"-1,20",4565.15,53.0,0.0,0.0,4,0,2021-01-10,3
26241,103,1766.61,5.0,0.0,0.0,2,0,2021-01-10,3
26503,103,15187.86,119.0,1306.0,5.0,11,1,2021-01-10,3
26853,103,33771.78,395.0,1644.0,8.0,15,1,2021-01-10,3
27001,"-1,103",1685.96,2.0,0.0,0.0,2,0,2021-01-10,3
27015,103,6972.48,75.0,0.0,0.0,2,0,2021-01-10,3
27383,67,2647.97,14.0,0.0,0.0,4,0,2021-01-10,3
27410,103,4897.4,32.0,0.0,0.0,3,0,2021-01-10,3
27500,19,2112.43,9.0,0.0,0.0,1,0,2021-01-10,3
27504,103,1358.25,7.0,0.0,0.0,1,0,2021-01-10,3
27536,103,615.08,7.0,0.0,0.0,1,0,2021-01-10,3
27575,19,966.2,3.0,0.0,0.0,4,0,2021-01-10,3
27584,,1325.58,6.0,0.0,0.0,1,0,2021-01-10,3
27630,103,21041.69,132.0,8732.0,14.0,13,2,2021-01-10,3
27672,20,3475.16,77.0,0.0,0.0,1,0,2021-01-10,3
27675,22,18673.45,602.0,132.0,3.0,5,1,2021-01-10,3
27689,103,9879.92,94.0,254.0,3.0,3,2,2021-01-10,3
27703,103,137975.71,2259.0,5934.0,54.0,39,10,2021-01-10,3
27715,20,3694.1,128.0,1008.0,3.0,1,1,2021-01-10,3
27742,103,972.69,8.0,0.0,0.0,1,0,2021-01-10,3
27748,103,1495.76,5.0,0.0,0.0,2,0,2021-01-10,3
27768,19,1554.72,12.0,0.0,0.0,1,0,2021-01-10,3
27778,103,508.86,8.0,0.0,0.0,1,0,2021-01-10,3
27796,19,9436.39,77.0,110.0,1.0,4,1,2021-01-10,3
27798,19,1396.56,12.0,0.0,0.0,2,0,2021-01-10,3
27824,103,14862.22,174.0,0.0,0.0,7,0,2021-01-10,3
27888,103,535.28,1.0,0.0,0.0,1,0,2021-01-10,3
27907,103,9854.12,63.0,1496.0,2.0,10,1,2021-01-10,3
27929,25,3282.5,18.0,0.0,0.0,2,0,2021-01-10,3
27944,103,4360.6,41.0,0.0,0.0,2,0,2021-01-10,3
27945,19,70550.0,861.0,2100.0,28.0,29,4,2021-01-10,3
27947,25,6933.97,36.0,304.0,4.0,7,1,2021-01-10,3
27967,19,1858.21,3.0,0.0,0.0,2,0,2021-01-10,3
27977,25,1566.15,10.0,0.0,0.0,2,0,2021-01-10,3
27980,19,1709.05,6.0,0.0,0.0,2,0,2021-01-10,3
28000,19,1729.45,9.0,0.0,0.0,1,0,2021-01-10,3
28035,20,336.59,1.0,0.0,0.0,1,0,2021-01-10,3
28126,22,2941.18,153.0,0.0,0.0,1,0,2021-01-10,3
28127,103,1168.85,7.0,0.0,0.0,1,0,2021-01-10,3
28138,22,4716.98,68.0,0.0,0.0,1,0,2021-01-10,3
28193,103,11390.81,166.0,272.0,5.0,6,2,2021-01-10,3
28209,19,561.24,1.0,0.0,0.0,1,0,2021-01-10,3
28212,103,615.17,5.0,0.0,0.0,1,0,2021-01-10,3
28215,103,160749.6,1732.0,22280.0,106.0,24,6,2021-01-10,3
28216,103,1926.01,12.0,0.0,0.0,3,0,2021-01-10,3
28218,19,1023.36,5.0,0.0,0.0,1,0,2021-01-10,3
28219,112,11865.06,82.0,12.0,1.0,16,0,2021-01-10,3
28280,19,1694.46,4.0,0.0,0.0,3,0,2021-01-10,3
28382,126,1744.22,15.0,0.0,0.0,1,0,2021-01-10,3
28395,103,428.82,2.0,0.0,0.0,1,0,2021-01-10,3
28397,103,10199.44,103.0,714.0,6.0,4,1,2021-01-10,3
28406,25,3359.6,21.0,188.0,1.0,2,0,2021-01-10,3
28418,19,1662.0,12.0,140.0,1.0,3,1,2021-01-10,3
28459,25,6191.44,39.0,0.0,0.0,5,0,2021-01-10,3
28462,19,2088.0,9.0,0.0,0.0,4,0,2021-01-10,3
28463,25,2917.52,15.0,0.0,0.0,5,0,2021-01-10,3
28481,20,3843.82,214.0,0.0,0.0,2,0,2021-01-10,3
28494,20,3157.24,67.0,0.0,0.0,2,0,2021-01-10,3
28522,19,5058.05,40.0,12.0,1.0,2,0,2021-01-10,3
28524,103,2077.76,13.0,0.0,0.0,4,0,2021-01-10,3
28532,103,3182.08,22.0,0.0,0.0,3,0,2021-01-10,3
28535,103,20603.35,181.0,542.0,7.0,10,1,2021-01-10,3
28538,103,26412.17,240.0,1098.0,7.0,6,1,2021-01-10,3
28541,103,642015.1,9925.0,163248.0,458.0,140,34,2021-01-10,3
28545,22,16937.83,194.0,42.0,2.0,6,0,2021-01-10,3
28546,19,15699.11,78.0,122.0,2.0,12,1,2021-01-10,3
28577,26,4625.08,26.0,0.0,0.0,5,0,2021-01-10,3
28578,127,481580.75,17709.0,21174.0,199.0,124,31,2021-01-10,3
28579,127,1155214.35,26083.0,77870.0,609.0,204,63,2021-01-10,3
28587,19,21905.7,276.0,1094.0,6.0,8,1,2021-01-10,3
28588,25,15906.84,127.0,220.0,4.0,7,1,2021-01-10,3
28590,103,643293.6,10297.0,64726.0,277.0,170,52,2021-01-10,3
28592,103,12670.7,243.0,456.0,3.0,5,1,2021-01-10,3
28594,19,100891.84,2059.0,4392.0,35.0,26,8,2021-01-10,3
28602,127,166356.68,4403.0,3826.0,66.0,36,9,2021-01-10,3
28603,"-1,127",83531.3,1002.0,2410.0,26.0,23,7,2021-01-10,3
28604,127,31845.66,364.0,604.0,4.0,16,2,2021-01-10,3
28605,127,9215.49,96.0,0.0,0.0,8,0,2021-01-10,3
28607,"-1,127",15895.71,379.0,0.0,0.0,10,0,2021-01-10,3
28608,127,44507.92,855.0,1260.0,20.0,18,7,2021-01-10,3
28609,127,220810.43,3981.0,12326.0,57.0,31,13,2021-01-10,3
28610,127,6982.94,19.0,0.0,0.0,7,0,2021-01-10,3
28612,127,8702.25,49.0,0.0,0.0,7,0,2021-01-10,3
28613,127,14522.93,335.0,360.0,3.0,6,1,2021-01-10,3
28614,127,4290.2,25.0,0.0,0.0,4,0,2021-01-10,3
28615,127,83527.24,1530.0,2428.0,31.0,23,5,2021-01-10,3
28618,127,115379.71,2913.0,7092.0,48.0,29,10,2021-01-10,3
28620,127,111364.27,3247.0,4574.0,31.0,26,5,2021-01-10,3
28638,19,6669.57,37.0,0.0,0.0,11,0,2021-01-10,3
28640,103,14794.57,90.0,110.0,1.0,12,1,2021-01-10,3
28653,127,12949.62,162.0,114.0,2.0,8,2,2021-01-10,3
28655,"-1,127",97510.48,2763.0,1896.0,23.0,11,5,2021-01-10,3
28657,103,23027.72,276.0,132.0,2.0,10,1,2021-01-10,3
28659,19,15885.15,236.0,298.0,1.0,10,1,2021-01-10,3
28662,103,7386.82,61.0,30.0,1.0,4,1,2021-01-10,3
28663,127,56064.43,757.0,2480.0,19.0,19,6,2021-01-10,3
28668,82,446.16,2.0,0.0,0.0,1,0,2021-01-10,3
28669,25,7995.37,69.0,42.0,2.0,6,1,2021-01-10,3
28678,127,40201.17,585.0,490.0,11.0,15,4,2021-01-10,3
28700,103,3557.23,9.0,0.0,0.0,5,0,2021-01-10,3
28702,"-1,127",9122.75,86.0,0.0,0.0,4,0,2021-01-10,3
28703,127,1424.9,5.0,0.0,0.0,1,0,2021-01-10,3
28704,127,44712.06,691.0,648.0,9.0,17,7,2021-01-10,3
28707,127,6382.07,32.0,30.0,1.0,6,1,2021-01-10,3
28708,127,8162.51,71.0,0.0,0.0,6,0,2021-01-10,3
28709,127,26129.19,740.0,396.0,6.0,9,3,2021-01-10,3
28710,127,1277.97,6.0,0.0,0.0,2,0,2021-01-10,3
28713,127,8384.91,345.0,0.0,0.0,3,0,2021-01-10,3
28714,127,4260.25,38.0,158.0,2.0,1,1,2021-01-10,3
28716,127,607.85,1.0,0.0,0.0,1,0,2021-01-10,3
28722,127,2830.19,128.0,12.0,1.0,1,1,2021-01-10,3
28727,127,2729.25,13.0,0.0,0.0,4,0,2021-01-10,3
28730,103,29231.3,528.0,256.0,3.0,8,2,2021-01-10,3
28731,127,7307.21,93.0,30.0,1.0,5,1,2021-01-10,3
28732,127,1700.68,16.0,0.0,0.0,2,0,2021-01-10,3
28733,127,14134.69,469.0,242.0,4.0,7,2,2021-01-10,3
28734,127,2641.51,215.0,0.0,0.0,1,0,2021-01-10,3
28735,127,2645.55,22.0,0.0,0.0,3,0,2021-01-10,3
28738,127,5842.45,114.0,0.0,0.0,2,0,2021-01-10,3
28742,127,4653.97,67.0,128.0,1.0,2,1,2021-01-10,3
28744,127,8823.54,228.0,208.0,1.0,3,1,2021-01-10,3
28745,127,2075.0,26.0,0.0,0.0,1,0,2021-01-10,3
28747,127,7744.67,126.0,140.0,2.0,3,2,2021-01-10,3
22316,"-1,19",12214.59,148.0,188.0,3.0,8,2,2021-01-11,3
23067,19,671.54,8.0,0.0,0.0,1,0,2021-01-11,3
23509,20,277.69,2.0,0.0,0.0,1,0,2021-01-11,3
23846,20,121.58,0.0,0.0,0.0,1,0,2021-01-11,3
24402,22,3267.65,130.0,122.0,2.0,1,1,2021-01-11,3
24445,67,1337.42,8.0,0.0,0.0,1,0,2021-01-11,3
25140,"-1,82",1017.72,7.0,0.0,0.0,1,0,2021-01-11,3
25547,20,2830.19,85.0,0.0,0.0,1,0,2021-01-11,3
25825,20,495.91,5.0,0.0,0.0,1,0,2021-01-11,3
25912,"-1,20",2876.52,36.0,0.0,0.0,3,0,2021-01-11,3
26241,103,100.84,1.0,0.0,0.0,1,0,2021-01-11,3
26503,103,12658.45,98.0,42.0,1.0,9,0,2021-01-11,3
26853,103,22328.86,275.0,24.0,2.0,11,1,2021-01-11,3
27001,"-1,103",1685.96,2.0,0.0,0.0,2,0,2021-01-11,3
27015,103,6972.48,75.0,0.0,0.0,2,0,2021-01-11,3
27383,67,795.16,6.0,0.0,0.0,2,0,2021-01-11,3
27410,103,4897.4,32.0,0.0,0.0,3,0,2021-01-11,3
27500,19,2112.43,9.0,0.0,0.0,1,0,2021-01-11,3
27575,19,1583.66,7.0,0.0,0.0,4,0,2021-01-11,3
27584,,1325.58,6.0,0.0,0.0,1,0,2021-01-11,3
27630,103,7880.73,63.0,642.0,6.0,4,2,2021-01-11,3
27672,20,3475.16,77.0,36.0,3.0,1,0,2021-01-11,3
27675,22,3267.65,178.0,0.0,0.0,1,0,2021-01-11,3
27689,103,9879.92,94.0,450.0,3.0,3,2,2021-01-11,3
27703,103,77207.31,1301.0,10728.0,34.0,19,6,2021-01-11,3
27748,103,1014.07,4.0,12.0,1.0,1,0,2021-01-11,3
27768,19,1554.72,12.0,0.0,0.0,1,0,2021-01-11,3
27778,103,508.86,8.0,0.0,0.0,1,0,2021-01-11,3
27796,19,3771.39,38.0,0.0,0.0,2,0,2021-01-11,3
27824,103,4657.24,70.0,0.0,0.0,3,0,2021-01-11,3
27907,103,8591.33,55.0,120.0,1.0,8,0,2021-01-11,3
27945,19,42809.3,570.0,2074.0,20.0,15,3,2021-01-11,3
27947,25,3579.99,17.0,0.0,0.0,5,0,2021-01-11,3
28000,19,1729.45,9.0,0.0,0.0,1,0,2021-01-11,3
28035,20,184.58,0.0,0.0,0.0,1,0,2021-01-11,3
28127,103,1168.85,7.0,0.0,0.0,1,0,2021-01-11,3
28138,22,4716.98,68.0,30.0,1.0,1,0,2021-01-11,3
28193,103,8263.1,74.0,162.0,9.0,3,1,2021-01-11,3
28204,126,4874.21,41.0,0.0,0.0,2,0,2021-01-11,3
28215,103,148198.63,1645.0,13104.0,81.0,20,4,2021-01-11,3
28382,126,556.58,5.0,0.0,0.0,1,0,2021-01-11,3
28397,103,11904.71,114.0,3278.0,5.0,4,2,2021-01-11,3
28459,25,692.12,9.0,0.0,0.0,1,0,2021-01-11,3
28462,19,680.6,2.0,0.0,0.0,1,0,2021-01-11,3
28463,25,467.1,7.0,0.0,0.0,1,0,2021-01-11,3
28481,20,3177.23,207.0,0.0,0.0,2,0,2021-01-11,3
28494,20,2673.53,64.0,0.0,0.0,1,0,2021-01-11,3
28524,103,130.43,0.0,0.0,0.0,1,0,2021-01-11,3
28535,103,8367.75,65.0,72.0,1.0,5,0,2021-01-11,3
28538,103,16267.79,151.0,220.0,2.0,2,1,2021-01-11,3
28541,103,478985.04,7601.0,60374.0,356.0,118,29,2021-01-11,3
28545,22,105.34,0.0,0.0,0.0,1,0,2021-01-11,3
28546,19,2564.83,22.0,0.0,0.0,4,0,2021-01-11,3
28578,127,523326.27,18770.0,34328.0,253.0,125,33,2021-01-11,3
28579,127,1536478.72,33131.0,203810.0,1029.0,233,76,2021-01-11,3
28587,19,11653.3,142.0,170.0,2.0,5,0,2021-01-11,3
28588,25,15906.84,127.0,220.0,4.0,7,1,2021-01-11,3
28590,103,876094.13,13433.0,145130.0,516.0,210,61,2021-01-11,3
28592,103,12670.7,243.0,516.0,3.0,5,1,2021-01-11,3
28594,19,175408.18,3426.0,14484.0,108.0,38,11,2021-01-11,3
28598,22,9614.69,214.0,30.0,1.0,3,1,2021-01-11,3
28602,127,325458.56,7200.0,19286.0,186.0,49,14,2021-01-11,3
28603,"-1,127",93828.6,1060.0,4690.0,43.0,23,7,2021-01-11,3
28604,127,31845.66,364.0,876.0,4.0,16,2,2021-01-11,3
28605,127,9215.49,96.0,0.0,0.0,8,0,2021-01-11,3
28607,"-1,127",22446.3,441.0,220.0,2.0,10,1,2021-01-11,3
28608,127,61663.42,1142.0,3002.0,40.0,21,8,2021-01-11,3
28609,127,462255.05,8539.0,43866.0,216.0,57,22,2021-01-11,3
28610,127,6982.94,19.0,0.0,0.0,7,0,2021-01-11,3
28612,127,8702.25,49.0,0.0,0.0,7,0,2021-01-11,3
28613,127,18993.47,404.0,756.0,4.0,6,1,2021-01-11,3
28614,127,4290.2,25.0,0.0,0.0,4,0,2021-01-11,3
28615,127,93143.25,1664.0,4010.0,37.0,23,6,2021-01-11,3
28618,127,134597.08,3257.0,9262.0,68.0,30,12,2021-01-11,3
28620,127,149262.69,4337.0,11844.0,72.0,35,6,2021-01-11,3
28638,19,8470.99,51.0,0.0,0.0,12,0,2021-01-11,3
28640,103,20976.37,134.0,968.0,4.0,12,2,2021-01-11,3
28653,127,12949.62,162.0,114.0,2.0,8,2,2021-01-11,3
28655,"-1,127",103281.85,2951.0,5268.0,38.0,11,5,2021-01-11,3
28657,103,27276.46,330.0,132.0,2.0,10,1,2021-01-11,3
28659,19,23494.19,429.0,5472.0,12.0,11,2,2021-01-11,3
28662,103,9213.24,70.0,30.0,1.0,5,1,2021-01-11,3
28663,127,80305.71,995.0,8722.0,38.0,29,6,2021-01-11,3
28668,82,446.16,2.0,0.0,0.0,1,0,2021-01-11,3
28669,25,7995.37,69.0,230.0,2.0,6,1,2021-01-11,3
28678,127,44197.89,616.0,812.0,22.0,15,4,2021-01-11,3
28700,103,3557.23,9.0,0.0,0.0,5,0,2021-01-11,3
28702,"-1,127",12137.45,117.0,280.0,4.0,4,1,2021-01-11,3
28703,127,1424.9,5.0,0.0,0.0,1,0,2021-01-11,3
28704,127,96742.83,1686.0,8590.0,53.0,18,7,2021-01-11,3
28707,127,9475.79,49.0,120.0,4.0,7,2,2021-01-11,3
28708,127,8906.47,73.0,30.0,1.0,6,0,2021-01-11,3
28709,127,44979.57,1337.0,2432.0,31.0,9,3,2021-01-11,3
28710,127,1277.97,6.0,0.0,0.0,2,0,2021-01-11,3
28713,127,8384.91,345.0,0.0,0.0,3,0,2021-01-11,3
28714,127,13046.64,131.0,2280.0,6.0,2,1,2021-01-11,3
28716,127,607.85,1.0,0.0,0.0,1,0,2021-01-11,3
28721,127,3182.26,7.0,0.0,0.0,4,0,2021-01-11,3
28722,127,2830.19,128.0,102.0,1.0,1,1,2021-01-11,3
28727,127,4045.71,14.0,0.0,0.0,4,0,2021-01-11,3
28730,103,41396.01,835.0,1664.0,11.0,10,3,2021-01-11,3
28731,127,14169.96,182.0,204.0,5.0,5,3,2021-01-11,3
28732,127,8927.02,99.0,60.0,2.0,2,1,2021-01-11,3
28733,127,36503.78,984.0,3888.0,22.0,9,5,2021-01-11,3
28734,127,2641.51,215.0,0.0,0.0,1,0,2021-01-11,3
28735,127,3479.36,26.0,0.0,0.0,3,0,2021-01-11,3
28738,127,8980.05,219.0,376.0,5.0,2,0,2021-01-11,3
28742,127,7466.89,99.0,256.0,2.0,2,1,2021-01-11,3
28744,127,12597.12,293.0,544.0,3.0,4,2,2021-01-11,3
28745,127,7886.14,109.0,170.0,1.0,3,1,2021-01-11,3
28747,127,35389.7,680.0,1348.0,14.0,7,4,2021-01-11,3
28749,25,2570.41,24.0,0.0,0.0,4,0,2021-01-11,3
22316,"-1,19",11704.1,143.0,256.0,3.0,7,2,2021-01-12,3
23509,20,277.69,2.0,0.0,0.0,1,0,2021-01-12,3
23846,20,121.58,0.0,0.0,0.0,1,0,2021-01-12,3
24445,67,1337.42,8.0,0.0,0.0,1,0,2021-01-12,3
25547,20,2830.19,85.0,0.0,0.0,1,0,2021-01-12,3
25912,"-1,20",2021.89,22.0,0.0,0.0,2,0,2021-01-12,3
26241,103,207.67,2.0,0.0,0.0,2,0,2021-01-12,3
26503,103,3208.95,25.0,0.0,0.0,3,0,2021-01-12,3
26853,103,8820.01,109.0,0.0,0.0,6,0,2021-01-12,3
27015,103,1428.47,23.0,0.0,0.0,1,0,2021-01-12,3
27383,67,1293.74,10.0,42.0,1.0,3,1,2021-01-12,3
27575,19,1583.66,7.0,0.0,0.0,4,0,2021-01-12,3
27630,103,5306.62,41.0,1352.0,4.0,5,1,2021-01-12,3
27672,20,626.2,16.0,0.0,0.0,1,0,2021-01-12,3
27689,103,6842.09,49.0,98.0,1.0,2,1,2021-01-12,3
27703,103,58577.67,914.0,7422.0,18.0,19,4,2021-01-12,3
27748,103,1014.07,4.0,12.0,1.0,1,0,2021-01-12,3
27815,103,1996.43,10.0,0.0,0.0,1,0,2021-01-12,3
27907,103,13397.95,105.0,1532.0,4.0,13,3,2021-01-12,3
27945,19,29251.61,342.0,1866.0,15.0,11,3,2021-01-12,3
28000,19,1729.45,9.0,0.0,0.0,1,0,2021-01-12,3
28109,82,1435.78,2.0,0.0,0.0,1,0,2021-01-12,3
28127,103,782.64,4.0,0.0,0.0,1,0,2021-01-12,3
28138,22,4716.98,68.0,30.0,1.0,1,0,2021-01-12,3
28193,103,7302.48,64.0,198.0,12.0,2,1,2021-01-12,3
28204,126,4874.21,41.0,0.0,0.0,2,0,2021-01-12,3
28215,103,123848.53,1471.0,23374.0,81.0,18,4,2021-01-12,3
28397,103,14425.41,121.0,7208.0,4.0,8,1,2021-01-12,3
28418,19,1686.97,9.0,0.0,0.0,3,0,2021-01-12,3
28459,25,692.12,9.0,0.0,0.0,1,0,2021-01-12,3
28462,19,680.6,2.0,0.0,0.0,1,0,2021-01-12,3
28463,25,135.02,3.0,0.0,0.0,1,0,2021-01-12,3
28524,103,130.43,0.0,0.0,0.0,1,0,2021-01-12,3
28535,103,1264.93,3.0,84.0,2.0,1,0,2021-01-12,3
28538,103,5752.95,54.0,12.0,1.0,1,0,2021-01-12,3
28541,103,372359.4,5149.0,47282.0,268.0,105,25,2021-01-12,3
28545,22,105.34,0.0,0.0,0.0,1,0,2021-01-12,3
28546,19,279.58,3.0,0.0,0.0,1,0,2021-01-12,3
28573,20,3921.57,104.0,0.0,0.0,1,0,2021-01-12,3
28578,127,328672.61,11082.0,25674.0,175.0,77,27,2021-01-12,3
28579,127,1506099.15,30302.0,288796.0,1110.0,221,67,2021-01-12,3
28588,25,725.57,10.0,0.0,0.0,1,0,2021-01-12,3
28590,103,928210.71,13001.0,206180.0,619.0,238,61,2021-01-12,3
28594,19,262735.11,4660.0,40646.0,202.0,46,20,2021-01-12,3
28598,22,15732.47,497.0,60.0,2.0,3,1,2021-01-12,3
28602,127,332347.53,7490.0,30778.0,261.0,52,13,2021-01-12,3
28603,"-1,127",61891.76,632.0,6744.0,35.0,16,3,2021-01-12,3
28604,127,5743.4,123.0,0.0,0.0,2,0,2021-01-12,3
28605,127,1311.55,3.0,0.0,0.0,1,0,2021-01-12,3
28607,"-1,127",25363.74,469.0,428.0,4.0,5,1,2021-01-12,3
28608,127,62186.22,1137.0,4582.0,42.0,19,8,2021-01-12,3
28609,127,589692.29,10523.0,89060.0,403.0,79,25,2021-01-12,3
28610,127,2191.32,5.0,0.0,0.0,2,0,2021-01-12,3
28612,127,583.86,1.0,0.0,0.0,1,0,2021-01-12,3
28613,127,37174.83,552.0,1614.0,8.0,11,3,2021-01-12,3
28614,127,344.56,2.0,0.0,0.0,1,0,2021-01-12,3
28615,127,64083.71,1135.0,4970.0,26.0,15,4,2021-01-12,3
28618,127,136216.13,3224.0,11208.0,78.0,30,12,2021-01-12,3
28620,127,152917.93,4407.0,16394.0,113.0,30,5,2021-01-12,3
28638,19,9966.81,56.0,240.0,2.0,13,1,2021-01-12,3
28640,103,27604.14,179.0,1836.0,6.0,15,2,2021-01-12,3
28653,127,12949.62,162.0,168.0,3.0,8,2,2021-01-12,3
28655,"-1,127",114974.12,3152.0,7404.0,45.0,15,7,2021-01-12,3
28657,103,30262.96,346.0,344.0,4.0,12,2,2021-01-12,3
28659,19,40638.44,733.0,9270.0,23.0,20,3,2021-01-12,3
28662,103,10317.19,78.0,30.0,1.0,6,1,2021-01-12,3
28663,127,93919.94,1047.0,14702.0,50.0,39,9,2021-01-12,3
28668,82,446.16,2.0,0.0,0.0,1,0,2021-01-12,3
28669,25,11745.52,96.0,230.0,2.0,9,1,2021-01-12,3
28678,127,46391.74,631.0,1040.0,27.0,19,4,2021-01-12,3
28700,103,6888.81,17.0,98.0,1.0,7,1,2021-01-12,3
28702,"-1,127",13198.61,123.0,390.0,5.0,5,1,2021-01-12,3
28703,127,1424.9,5.0,0.0,0.0,1,0,2021-01-12,3
28704,127,120874.78,2108.0,12396.0,86.0,25,10,2021-01-12,3
28707,127,10674.27,56.0,150.0,5.0,8,2,2021-01-12,3
28708,127,9493.67,73.0,30.0,1.0,7,0,2021-01-12,3
28709,127,59061.1,1683.0,7434.0,67.0,10,4,2021-01-12,3
28710,127,1277.97,6.0,0.0,0.0,2,0,2021-01-12,3
28713,127,11608.44,366.0,0.0,0.0,4,0,2021-01-12,3
28714,127,26237.21,328.0,4010.0,10.0,7,2,2021-01-12,3
28716,127,1811.72,9.0,0.0,0.0,2,0,2021-01-12,3
28721,127,4558.81,8.0,0.0,0.0,5,0,2021-01-12,3
28722,127,9551.13,262.0,132.0,2.0,3,2,2021-01-12,3
28727,127,5550.45,31.0,0.0,0.0,5,0,2021-01-12,3
28730,103,63674.02,1155.0,9098.0,20.0,19,5,2021-01-12,3
28731,127,37138.31,550.0,706.0,12.0,9,6,2021-01-12,3
28732,127,16788.75,165.0,360.0,9.0,5,1,2021-01-12,3
28733,127,47499.87,1044.0,11362.0,35.0,23,6,2021-01-12,3
28734,127,2641.51,215.0,0.0,0.0,1,0,2021-01-12,3
28735,127,3479.36,26.0,0.0,0.0,3,0,2021-01-12,3
28738,127,25876.05,509.0,744.0,6.0,9,1,2021-01-12,3
28742,127,15150.97,135.0,298.0,3.0,6,2,2021-01-12,3
28744,127,86197.45,2094.0,5856.0,25.0,14,8,2021-01-12,3
28745,127,17433.22,236.0,248.0,2.0,8,2,2021-01-12,3
28747,127,55463.21,1048.0,7714.0,37.0,11,4,2021-01-12,3
28749,25,20481.28,148.0,950.0,7.0,14,4,2021-01-12,3
28762,19,7591.36,37.0,196.0,3.0,4,2,2021-01-12,3
28763,103,15766.52,104.0,0.0,0.0,11,0,2021-01-12,3
22316,"-1,19",13825.27,163.0,298.0,5.0,5,3,2021-01-13,3
24402,22,3267.65,184.0,0.0,0.0,1,0,2021-01-13,3
24445,67,1337.42,8.0,0.0,0.0,1,0,2021-01-13,3
25547,20,6603.77,241.0,12.0,1.0,2,0,2021-01-13,3
26241,103,207.67,2.0,0.0,0.0,2,0,2021-01-13,3
26441,"-1,20",3773.58,74.0,0.0,0.0,1,0,2021-01-13,3
26503,103,918.87,10.0,0.0,0.0,1,0,2021-01-13,3
26853,103,5806.93,57.0,0.0,0.0,3,0,2021-01-13,3
27383,67,498.58,4.0,42.0,1.0,1,1,2021-01-13,3
27575,19,1583.66,7.0,0.0,0.0,4,0,2021-01-13,3
27630,103,3635.45,23.0,0.0,0.0,4,0,2021-01-13,3
27672,20,235.07,11.0,0.0,0.0,1,0,2021-01-13,3
27675,22,2683.95,235.0,0.0,0.0,1,0,2021-01-13,3
27689,103,4246.14,15.0,98.0,1.0,1,1,2021-01-13,3
27703,103,59315.28,1082.0,8192.0,24.0,17,5,2021-01-13,3
27748,103,1014.07,4.0,12.0,1.0,1,0,2021-01-13,3
27815,103,1996.43,10.0,0.0,0.0,1,0,2021-01-13,3
27907,103,30232.33,196.0,2492.0,10.0,25,7,2021-01-13,3
27945,19,23119.53,299.0,828.0,8.0,8,3,2021-01-13,3
28000,19,1729.45,9.0,0.0,0.0,1,0,2021-01-13,3
28109,82,1435.78,2.0,0.0,0.0,1,0,2021-01-13,3
28127,103,532.96,1.0,0.0,0.0,1,0,2021-01-13,3
28138,22,4716.98,68.0,30.0,1.0,1,0,2021-01-13,3
28193,103,6279.96,53.0,328.0,8.0,1,1,2021-01-13,3
28204,126,4874.21,41.0,0.0,0.0,2,0,2021-01-13,3
28215,103,92444.82,1109.0,20868.0,56.0,16,2,2021-01-13,3
28219,112,824.71,7.0,0.0,0.0,1,0,2021-01-13,3
28397,103,11013.31,71.0,7400.0,4.0,6,1,2021-01-13,3
28418,19,1686.97,9.0,0.0,0.0,3,0,2021-01-13,3
28459,25,692.12,9.0,0.0,0.0,1,0,2021-01-13,3
28462,19,680.6,2.0,0.0,0.0,1,0,2021-01-13,3
28524,103,130.43,0.0,0.0,0.0,1,0,2021-01-13,3
28535,103,675.24,2.0,0.0,0.0,1,0,2021-01-13,3
28541,103,318496.72,4100.0,34196.0,241.0,104,21,2021-01-13,3
28545,22,3372.99,94.0,0.0,0.0,2,0,2021-01-13,3
28546,19,119.7,0.0,0.0,0.0,1,0,2021-01-13,3
28573,20,3921.57,104.0,0.0,0.0,1,0,2021-01-13,3
28577,26,959.71,2.0,0.0,0.0,1,0,2021-01-13,3
28578,127,251322.73,6777.0,24212.0,157.0,60,20,2021-01-13,3
28579,127,1353029.75,25262.0,305410.0,1057.0,253,72,2021-01-13,3
28590,103,923466.79,12520.0,196658.0,663.0,244,61,2021-01-13,3
28594,19,371526.23,6255.0,88258.0,307.0,59,23,2021-01-13,3
28598,22,16130.58,524.0,156.0,7.0,3,2,2021-01-13,3
28602,127,323347.49,6546.0,42754.0,327.0,54,11,2021-01-13,3
28603,"-1,127",46083.6,402.0,3150.0,37.0,10,3,2021-01-13,3
28605,127,523.92,5.0,30.0,1.0,1,1,2021-01-13,3
28607,"-1,127",19696.89,252.0,330.0,3.0,3,1,2021-01-13,3
28608,127,58414.02,953.0,3526.0,31.0,20,8,2021-01-13,3
28609,127,773941.98,13589.0,128838.0,614.0,134,33,2021-01-13,3
28610,127,507.22,0.0,0.0,0.0,1,0,2021-01-13,3
28612,127,583.86,1.0,0.0,0.0,1,0,2021-01-13,3
28613,127,35029.7,466.0,3014.0,7.0,11,3,2021-01-13,3
28614,127,344.56,2.0,0.0,0.0,1,0,2021-01-13,3
28615,127,27748.83,511.0,3814.0,12.0,5,3,2021-01-13,3
28618,127,95853.39,2115.0,5648.0,44.0,23,10,2021-01-13,3
28620,127,141019.34,3987.0,16734.0,114.0,25,5,2021-01-13,3
28638,19,13235.29,59.0,444.0,7.0,13,1,2021-01-13,3
28640,103,25913.88,168.0,2590.0,12.0,15,2,2021-01-13,3
28653,127,2333.32,19.0,12.0,1.0,2,0,2021-01-13,3
28655,"-1,127",143232.72,3568.0,7942.0,50.0,29,11,2021-01-13,3
28657,103,25685.87,280.0,2086.0,5.0,14,2,2021-01-13,3
28659,19,42440.22,851.0,14880.0,37.0,19,3,2021-01-13,3
28662,103,9822.06,74.0,30.0,1.0,5,1,2021-01-13,3
28663,127,92509.31,801.0,16928.0,43.0,37,10,2021-01-13,3
28668,82,939.23,2.0,0.0,0.0,2,0,2021-01-13,3
28669,25,10145.54,84.0,314.0,4.0,4,1,2021-01-13,3
28678,127,46979.66,640.0,1192.0,21.0,19,4,2021-01-13,3
28700,103,6888.81,17.0,268.0,2.0,7,1,2021-01-13,3
28702,"-1,127",13381.74,123.0,390.0,5.0,5,1,2021-01-13,3
28703,127,1424.9,5.0,0.0,0.0,1,0,2021-01-13,3
28704,127,144022.82,2484.0,27822.0,122.0,25,11,2021-01-13,3
28707,127,11122.42,60.0,150.0,5.0,8,2,2021-01-13,3
28708,127,12959.63,90.0,42.0,2.0,9,0,2021-01-13,3
28709,127,82041.5,2041.0,19520.0,103.0,15,6,2021-01-13,3
28710,127,1277.97,6.0,0.0,0.0,2,0,2021-01-13,3
28713,127,11878.89,377.0,0.0,0.0,4,0,2021-01-13,3
28714,127,62925.29,866.0,6148.0,23.0,24,4,2021-01-13,3
28716,127,1811.72,9.0,0.0,0.0,2,0,2021-01-13,3
28721,127,5713.78,8.0,0.0,0.0,5,0,2021-01-13,3
28722,127,41370.53,661.0,540.0,6.0,12,4,2021-01-13,3
28727,127,6912.71,43.0,84.0,4.0,5,1,2021-01-13,3
28730,103,121689.87,2057.0,13950.0,51.0,26,8,2021-01-13,3
28731,127,88149.14,1233.0,2386.0,47.0,27,7,2021-01-13,3
28732,127,26570.03,236.0,920.0,20.0,7,1,2021-01-13,3
28733,127,62606.1,1293.0,12454.0,45.0,36,6,2021-01-13,3
28734,127,4867.12,222.0,0.0,0.0,6,0,2021-01-13,3
28735,127,6203.89,72.0,0.0,0.0,4,0,2021-01-13,3
28738,127,44187.4,802.0,3582.0,23.0,14,2,2021-01-13,3
28742,127,33179.63,327.0,956.0,9.0,15,3,2021-01-13,3
28744,127,603402.13,12239.0,31816.0,188.0,94,41,2021-01-13,3
28745,127,20243.51,247.0,284.0,4.0,10,2,2021-01-13,3
28747,127,81176.23,1425.0,13588.0,68.0,20,7,2021-01-13,3
28749,25,38018.78,283.0,2342.0,11.0,23,4,2021-01-13,3
28762,19,23181.35,147.0,548.0,9.0,9,3,2021-01-13,3
28763,103,20367.73,152.0,0.0,0.0,12,0,2021-01-13,3
28784,,16302.0,94.0,220.0,2.0,15,1,2021-01-13,3
28787,127,68773.4,704.0,1560.0,14.0,11,5,2021-01-13,3
28790,25,3095.42,4.0,0.0,0.0,4,0,2021-01-13,3
28795,103,1602.79,3.0,0.0,0.0,2,0,2021-01-13,3
28796,103,15337.9,270.0,150.0,1.0,7,1,2021-01-13,3
28797,25,2571.12,8.0,0.0,0.0,5,0,2021-01-13,3
28798,25,8086.6,28.0,98.0,1.0,9,1,2021-01-13,3
28800,25,11610.71,170.0,120.0,1.0,7,1,2021-01-13,3
28801,,1452.5,5.0,0.0,0.0,1,0,2021-01-13,3
28803,127,7823.14,63.0,30.0,1.0,3,1,2021-01-13,3
22316,"-1,19",9042.83,84.0,72.0,3.0,4,2,2021-01-14,3
24402,22,9150.0,462.0,96.0,2.0,1,1,2021-01-14,3
25547,20,12068.39,311.0,294.0,7.0,3,1,2021-01-14,3
25825,20,7269.14,69.0,98.0,1.0,2,1,2021-01-14,3
26241,103,106.83,1.0,0.0,0.0,1,0,2021-01-14,3
26441,"-1,20",7891.46,138.0,868.0,2.0,2,1,2021-01-14,3
26853,103,2903.27,20.0,0.0,0.0,4,0,2021-01-14,3
27383,67,2226.2,15.0,42.0,1.0,3,1,2021-01-14,3
27575,19,617.46,4.0,0.0,0.0,2,0,2021-01-14,3
27630,103,3906.99,25.0,0.0,0.0,4,0,2021-01-14,3
27675,22,4223.71,375.0,0.0,0.0,1,0,2021-01-14,3
27702,103,723.98,1.0,42.0,1.0,2,1,2021-01-14,3
27703,103,46262.64,817.0,472.0,13.0,16,4,2021-01-14,3
27815,103,1996.43,10.0,0.0,0.0,1,0,2021-01-14,3
27824,103,474.45,2.0,0.0,0.0,1,0,2021-01-14,3
27907,103,37263.74,291.0,3254.0,10.0,28,7,2021-01-14,3
27945,19,12006.69,179.0,346.0,7.0,3,2,2021-01-14,3
28109,82,1435.78,2.0,0.0,0.0,1,0,2021-01-14,3
28193,103,3144.34,27.0,122.0,2.0,1,1,2021-01-14,3
28204,126,4874.21,41.0,0.0,0.0,2,0,2021-01-14,3
28215,103,46327.82,531.0,14378.0,28.0,13,2,2021-01-14,3
28219,112,824.71,7.0,0.0,0.0,1,0,2021-01-14,3
28397,103,10630.77,70.0,5640.0,6.0,6,1,2021-01-14,3
28418,19,1686.97,9.0,0.0,0.0,3,0,2021-01-14,3
28459,25,692.12,9.0,0.0,0.0,1,0,2021-01-14,3
28541,103,229248.95,2757.0,35408.0,161.0,77,15,2021-01-14,3
28545,22,3267.65,94.0,0.0,0.0,1,0,2021-01-14,3
28573,20,3921.57,104.0,30.0,1.0,1,0,2021-01-14,3
28577,26,959.71,2.0,0.0,0.0,1,0,2021-01-14,3
28578,127,150617.71,2606.0,12198.0,89.0,39,12,2021-01-14,3
28579,127,978671.91,16702.0,137860.0,750.0,213,58,2021-01-14,3
28590,103,675679.71,8786.0,175254.0,453.0,213,47,2021-01-14,3
28594,19,479417.82,7261.0,92660.0,394.0,84,31,2021-01-14,3
28598,22,16130.58,524.0,156.0,7.0,3,2,2021-01-14,3
28602,127,246173.27,4941.0,39576.0,232.0,45,10,2021-01-14,3
28603,"-1,127",21389.51,144.0,1470.0,15.0,4,2,2021-01-14,3
28605,127,1059.07,9.0,60.0,2.0,1,1,2021-01-14,3
28607,"-1,127",12934.03,114.0,244.0,4.0,2,1,2021-01-14,3
28608,127,38811.09,552.0,3716.0,18.0,13,5,2021-01-14,3
28609,127,696981.84,12284.0,116522.0,500.0,147,36,2021-01-14,3
28610,127,131.57,0.0,0.0,0.0,1,0,2021-01-14,3
28613,127,30251.94,300.0,2762.0,8.0,10,3,2021-01-14,3
28615,127,13621.1,200.0,2604.0,10.0,2,1,2021-01-14,3
28618,127,45311.27,721.0,3746.0,17.0,14,5,2021-01-14,3
28620,127,62840.34,1572.0,1736.0,38.0,15,4,2021-01-14,3
28638,19,11718.41,54.0,432.0,6.0,11,1,2021-01-14,3
28640,103,20104.81,127.0,482.0,6.0,15,1,2021-01-14,3
28655,"-1,127",70322.37,1429.0,4084.0,21.0,23,7,2021-01-14,3
28657,103,19652.36,202.0,2232.0,9.0,14,2,2021-01-14,3
28659,19,33901.09,674.0,4482.0,23.0,18,3,2021-01-14,3
28662,103,3547.89,17.0,0.0,0.0,3,0,2021-01-14,3
28663,127,49500.22,338.0,2558.0,17.0,26,5,2021-01-14,3
28668,82,493.07,0.0,0.0,0.0,1,0,2021-01-14,3
28669,25,11643.12,95.0,280.0,4.0,4,0,2021-01-14,3
28678,127,8131.83,60.0,24.0,2.0,7,0,2021-01-14,3
28700,103,7847.32,15.0,456.0,4.0,4,2,2021-01-14,3
28702,"-1,127",5281.52,37.0,220.0,2.0,3,1,2021-01-14,3
28704,127,117873.8,2020.0,15166.0,89.0,16,9,2021-01-14,3
28707,127,4740.35,28.0,60.0,2.0,5,1,2021-01-14,3
28708,127,4797.12,19.0,0.0,0.0,4,0,2021-01-14,3
28709,127,66543.79,1393.0,15464.0,49.0,12,5,2021-01-14,3
28713,127,3493.98,32.0,0.0,0.0,1,0,2021-01-14,3
28714,127,83305.87,1506.0,4792.0,36.0,29,4,2021-01-14,3
28716,127,1203.87,8.0,0.0,0.0,1,0,2021-01-14,3
28721,127,5952.4,9.0,0.0,0.0,5,0,2021-01-14,3
28722,127,70943.14,1131.0,1834.0,23.0,18,6,2021-01-14,3
28727,127,4183.46,30.0,108.0,6.0,3,1,2021-01-14,3
28730,103,122319.37,1960.0,15800.0,52.0,28,8,2021-01-14,3
28731,127,85793.13,1281.0,5466.0,54.0,24,6,2021-01-14,3
28732,127,27229.93,249.0,2280.0,36.0,7,1,2021-01-14,3
28733,127,51903.08,847.0,9680.0,28.0,38,6,2021-01-14,3
28734,127,3322.14,18.0,0.0,0.0,6,0,2021-01-14,3
28735,127,3558.34,50.0,0.0,0.0,2,0,2021-01-14,3
28738,127,79832.1,1447.0,7532.0,24.0,26,6,2021-01-14,3
28742,127,31158.46,304.0,1688.0,10.0,14,2,2021-01-14,3
28744,127,999306.31,20711.0,77486.0,531.0,148,60,2021-01-14,3
28745,127,20972.12,246.0,822.0,8.0,11,3,2021-01-14,3
28747,127,77002.7,1373.0,14222.0,73.0,21,5,2021-01-14,3
28749,25,41338.86,307.0,2634.0,11.0,25,4,2021-01-14,3
28762,19,34069.83,241.0,1850.0,18.0,18,5,2021-01-14,3
28763,103,22047.8,178.0,420.0,3.0,14,0,2021-01-14,3
28784,,19923.91,108.0,464.0,4.0,15,1,2021-01-14,3
28787,127,108967.44,1265.0,7676.0,57.0,21,8,2021-01-14,3
28790,25,4630.5,7.0,0.0,0.0,6,0,2021-01-14,3
28795,103,2395.62,4.0,0.0,0.0,3,0,2021-01-14,3
28796,103,23179.66,447.0,384.0,4.0,11,1,2021-01-14,3
28797,25,4262.62,19.0,316.0,4.0,7,1,2021-01-14,3
28798,25,11610.56,52.0,98.0,1.0,13,1,2021-01-14,3
28800,25,73430.98,2063.0,2292.0,29.0,11,2,2021-01-14,3
28801,,1452.5,5.0,0.0,0.0,1,0,2021-01-14,3
28803,127,19933.45,217.0,510.0,5.0,9,3,2021-01-14,3
28804,126,410.25,2.0,0.0,0.0,1,0,2021-01-14,3
28817,127,16192.69,106.0,0.0,0.0,13,0,2021-01-14,3
28819,21,4278.89,5.0,0.0,0.0,9,0,2021-01-14,3
28820,127,20431.99,273.0,96.0,4.0,6,3,2021-01-14,3
28821,127,18791.22,290.0,0.0,0.0,13,0,2021-01-14,3
28824,127,930.0,3.0,0.0,0.0,2,0,2021-01-14,3
28825,127,31837.16,326.0,594.0,12.0,13,3,2021-01-14,3
22316,"-1,19",8706.42,61.0,42.0,2.0,4,1,2021-01-15,3
23509,20,14533.36,394.0,0.0,0.0,7,0,2021-01-15,3
24402,22,9150.0,462.0,512.0,4.0,1,1,2021-01-15,3
25547,20,12068.39,311.0,392.0,7.0,3,1,2021-01-15,3
25562,20,19858.7,319.0,48.0,1.0,6,1,2021-01-15,3
25825,20,40037.85,588.0,476.0,4.0,12,3,2021-01-15,3
26241,103,106.83,1.0,0.0,0.0,1,0,2021-01-15,3
26441,"-1,20",56874.87,1313.0,1318.0,6.0,19,5,2021-01-15,3
26853,103,6300.59,33.0,0.0,0.0,5,0,2021-01-15,3
27015,103,1270.77,2.0,0.0,0.0,2,0,2021-01-15,3
27383,67,5416.4,21.0,42.0,1.0,8,1,2021-01-15,3
27434,20,26402.89,409.0,270.0,3.0,10,3,2021-01-15,3
27630,103,3539.09,21.0,0.0,0.0,4,0,2021-01-15,3
27672,20,56182.81,1153.0,566.0,7.0,18,6,2021-01-15,3
27675,22,5904.97,529.0,330.0,6.0,1,1,2021-01-15,3
27702,103,2037.79,4.0,42.0,1.0,4,1,2021-01-15,3
27703,103,56496.96,936.0,860.0,16.0,21,3,2021-01-15,3
27715,20,5540.78,124.0,98.0,1.0,1,1,2021-01-15,3
27748,103,2735.42,9.0,0.0,0.0,4,0,2021-01-15,3
27796,19,931.53,4.0,0.0,0.0,1,0,2021-01-15,3
27815,103,1996.43,10.0,0.0,0.0,1,0,2021-01-15,3
27824,103,765.99,4.0,0.0,0.0,2,0,2021-01-15,3
27875,20,4061.03,32.0,60.0,1.0,2,1,2021-01-15,3
27907,103,37263.74,291.0,3414.0,12.0,28,7,2021-01-15,3
27945,19,49056.19,504.0,5994.0,19.0,31,7,2021-01-15,3
27952,20,2941.18,118.0,0.0,0.0,1,0,2021-01-15,3
27970,20,9754.4,31.0,0.0,0.0,6,0,2021-01-15,3
28033,20,24527.78,126.0,110.0,1.0,13,1,2021-01-15,3
28035,20,2941.18,57.0,0.0,0.0,1,0,2021-01-15,3
28109,82,1435.78,2.0,0.0,0.0,1,0,2021-01-15,3
28193,103,5853.47,102.0,42.0,2.0,1,1,2021-01-15,3
28215,103,21320.45,218.0,498.0,4.0,13,1,2021-01-15,3
28219,112,824.71,7.0,0.0,0.0,1,0,2021-01-15,3
28397,103,8335.26,52.0,60.0,2.0,7,0,2021-01-15,3
28418,19,1686.97,9.0,0.0,0.0,3,0,2021-01-15,3
28481,20,5882.36,180.0,12.0,1.0,2,1,2021-01-15,3
28499,20,794.38,0.0,0.0,0.0,1,0,2021-01-15,3
28541,103,210100.74,2314.0,34336.0,114.0,72,15,2021-01-15,3
28545,22,3267.65,94.0,0.0,0.0,1,0,2021-01-15,3
28573,20,9803.93,260.0,60.0,2.0,3,1,2021-01-15,3
28577,26,959.71,2.0,0.0,0.0,1,0,2021-01-15,3
28578,127,92815.42,1001.0,3936.0,47.0,25,8,2021-01-15,3
28579,127,630277.59,9855.0,68702.0,460.0,188,45,2021-01-15,3
28590,103,491839.24,6216.0,147018.0,282.0,184,37,2021-01-15,3
28594,19,596798.16,9004.0,84160.0,434.0,126,35,2021-01-15,3
28598,22,6515.89,310.0,24.0,2.0,2,1,2021-01-15,3
28602,127,93076.6,2279.0,5280.0,51.0,38,6,2021-01-15,3
28603,"-1,127",11092.21,86.0,0.0,0.0,4,0,2021-01-15,3
28605,127,1059.07,9.0,60.0,2.0,1,1,2021-01-15,3
28607,"-1,127",6383.44,52.0,12.0,1.0,2,0,2021-01-15,3
28608,127,21655.59,265.0,792.0,10.0,9,3,2021-01-15,3
28609,127,500944.41,8855.0,65692.0,325.0,135,33,2021-01-15,3
28610,127,131.57,0.0,0.0,0.0,1,0,2021-01-15,3
28613,127,26867.98,243.0,182.0,7.0,9,3,2021-01-15,3
28615,127,4005.09,66.0,98.0,1.0,2,0,2021-01-15,3
28618,127,26093.9,377.0,536.0,4.0,10,3,2021-01-15,3
28620,127,38230.59,601.0,2244.0,19.0,16,4,2021-01-15,3
28638,19,9916.99,40.0,264.0,2.0,10,1,2021-01-15,3
28640,103,14215.2,87.0,30.0,1.0,12,0,2021-01-15,3
28655,"-1,127",97879.1,1688.0,15672.0,31.0,39,10,2021-01-15,3
28657,103,15403.62,148.0,2196.0,6.0,13,2,2021-01-15,3
28659,19,26292.05,481.0,2004.0,19.0,17,2,2021-01-15,3
28662,103,1721.47,8.0,0.0,0.0,2,0,2021-01-15,3
28663,127,25258.94,100.0,1362.0,12.0,17,4,2021-01-15,3
28668,82,493.07,0.0,0.0,0.0,1,0,2021-01-15,3
28669,25,13959.09,120.0,340.0,4.0,4,0,2021-01-15,3
28678,127,5158.42,37.0,632.0,2.0,6,1,2021-01-15,3
28700,103,7847.32,15.0,456.0,4.0,4,2,2021-01-15,3
28702,"-1,127",2266.82,6.0,0.0,0.0,2,0,2021-01-15,3
28704,127,71614.4,1082.0,3990.0,49.0,12,5,2021-01-15,3
28707,127,1646.63,11.0,0.0,0.0,2,0,2021-01-15,3
28708,127,4053.16,17.0,0.0,0.0,3,0,2021-01-15,3
28709,127,48193.97,809.0,9398.0,23.0,12,4,2021-01-15,3
28713,127,3493.98,32.0,0.0,0.0,1,0,2021-01-15,3
28714,127,83550.15,1568.0,14382.0,62.0,28,3,2021-01-15,3
28716,127,1203.87,8.0,0.0,0.0,1,0,2021-01-15,3
28721,127,2770.14,2.0,0.0,0.0,5,0,2021-01-15,3
28722,127,74300.43,1188.0,3354.0,47.0,19,6,2021-01-15,3
28727,127,2867.0,29.0,108.0,6.0,1,1,2021-01-15,3
28730,103,149695.53,2228.0,24296.0,65.0,43,11,2021-01-15,3
28731,127,78930.38,1192.0,8256.0,44.0,23,5,2021-01-15,3
28732,127,26057.21,181.0,2652.0,27.0,12,1,2021-01-15,3
28733,127,29533.99,332.0,420.0,8.0,33,3,2021-01-15,3
28734,127,3322.14,18.0,256.0,2.0,6,0,2021-01-15,3
28735,127,2724.53,46.0,0.0,0.0,1,0,2021-01-15,3
28738,127,94544.37,1541.0,10444.0,28.0,35,6,2021-01-15,3
28742,127,28345.54,272.0,1712.0,12.0,13,2,2021-01-15,3
28744,127,1196839.45,24148.0,125014.0,803.0,204,67,2021-01-15,3
28745,127,19202.96,170.0,524.0,6.0,13,2,2021-01-15,3
28747,127,55240.02,918.0,3932.0,49.0,17,5,2021-01-15,3
28749,25,39665.61,294.0,2048.0,9.0,25,4,2021-01-15,3
28762,19,38953.16,254.0,2956.0,20.0,23,5,2021-01-15,3
28763,103,22597.3,186.0,572.0,5.0,14,0,2021-01-15,3
28784,,19923.91,108.0,464.0,4.0,15,1,2021-01-15,3
28787,127,125211.63,1458.0,9982.0,74.0,23,9,2021-01-15,3
28790,25,4630.5,7.0,0.0,0.0,6,0,2021-01-15,3
28795,103,3135.78,4.0,0.0,0.0,3,0,2021-01-15,3
28796,103,23179.66,447.0,396.0,5.0,11,1,2021-01-15,3
28797,25,4262.62,19.0,452.0,4.0,7,1,2021-01-15,3
28798,25,12141.06,54.0,98.0,1.0,14,1,2021-01-15,3
28800,25,97105.39,2829.0,5610.0,60.0,17,4,2021-01-15,3
28801,,1452.5,5.0,0.0,0.0,1,0,2021-01-15,3
28803,127,46744.11,574.0,1744.0,15.0,20,5,2021-01-15,3
28804,126,8399.36,117.0,226.0,1.0,6,1,2021-01-15,3
28817,127,16192.69,106.0,60.0,1.0,13,0,2021-01-15,3
28819,21,4278.89,5.0,0.0,0.0,9,0,2021-01-15,3
28820,127,53792.84,871.0,1058.0,17.0,8,5,2021-01-15,3
28821,127,20121.39,307.0,0.0,0.0,13,0,2021-01-15,3
28824,127,930.0,3.0,0.0,0.0,2,0,2021-01-15,3
28825,127,59706.41,690.0,2976.0,25.0,20,6,2021-01-15,3
28826,103,1464.32,1.0,0.0,0.0,2,0,2021-01-15,3
28847,25,2016.98,6.0,110.0,1.0,2,1,2021-01-15,3
28848,127,27503.39,335.0,54.0,2.0,10,2,2021-01-15,3
28849,127,34019.91,865.0,916.0,5.0,7,1,2021-01-15,3
28850,20,5771.37,237.0,0.0,0.0,2,0,2021-01-15,3
28852,25,3765.56,29.0,0.0,0.0,2,0,2021-01-15,3
28857,20,3813.64,48.0,0.0,0.0,2,0,2021-01-15,3
28858,103,16559.02,78.0,140.0,2.0,8,1,2021-01-15,3
28859,103,9037.9,12.0,0.0,0.0,6,0,2021-01-15,3
